{"stats":{"minecraft:custom":{"minecraft:jump":36,"minecraft:intelligence":0,"minecraft:time_since_rest":3201,"minecraft:energy":50,"minecraft:blood":0,"minecraft:waystone_activated":1,"minecraft:magic_shield":0,"minecraft:sprint_one_cm":10029,"minecraft:health":100,"minecraft:play_time":3201,"minecraft:move_speed":0,"minecraft:time_since_death":3201,"minecraft:walk_one_cm":4438,"minecraft:strength":0,"minecraft:total_world_time":3201,"minecraft:fall_one_cm":836,"minecraft:fly_one_cm":8564,"minecraft:mana":50,"minecraft:dexterity":0}},"DataVersion":3465}