{"stats":{"minecraft:killed":{"minecraft:evoker":1,"minecraft:vex":15,"minecraft:husk":14,"minecraft:zombie_villager":1,"riskofrain_mobs:lemurian_entity":1,"minecraft:vindicator":4,"minecraft:spider":6,"minecraft:frog":2,"minecraft:creeper":3,"minecraft:sheep":1,"minecraft:skeleton":12,"minecraft:pillager":7,"minecraft:zombie":16,"creeperoverhaul:dark_oak_creeper":1,"riskofrain_mobs:stone_golem_entity":1,"minecraft:drowned":14},"minecraft:mined":{"minecraft:dark_oak_planks":1,"minecraft:spruce_planks":2,"minecraft:dark_oak_leaves":4,"minecraft:stripped_dark_oak_log":1,"minecraft:crafting_table":2,"minecraft:blast_furnace":6,"minecraft:calcite":4,"minecraft:cobblestone":1,"minecraft:diorite":1,"minecraft:sandstone":1,"minecraft:spawner":4,"minecraft:spruce_log":6,"minecraft:anvil":2,"minecraft:grass":1,"minecraft:oak_log":2,"minecraft:sand":15,"minecraft:stripped_mangrove_wood":3,"betterarcheology:loot_vase":1,"minecraft:emerald_block":12,"minecraft:spruce_slab":2,"minecraft:oak_leaves":5,"paraglider:goddess_statue":1},"minecraft:broken":{"cte_essentials:leather_1_boots":1},"minecraft:dropped":{"cte_essentials:leather_1_helmet":1,"minecraft:moss_carpet":1,"mmorpg:jewel/str":1,"lightmanscurrency:coin_copper":5,"minecraft:cobweb":1,"supplementaries:ash":1,"minecraft:shield":1,"farmersdelight:flint_knife":1,"mmorpg:offhand/tome/wood":1,"minecraft:brown_wool":1,"minecraft:acacia_sapling":1,"lightmanscurrency:wallet_gold":1,"minecraft:spruce_slab":2,"minecraft:arrow":10,"ftbquests:book":1,"cte_essentials:cloth_0_leggings":1},"minecraft:used":{"minecraft:spruce_planks":5,"minecraft:zombie_spawn_egg":1,"minecraft:crafting_table":3,"minecraft:spruce_boat":2,"minecraft:iron_axe":27,"minecraft:bread":11,"stalwart_dungeons:diamond_hammer":26,"minecraft:iron_pickaxe":40,"mmorpg:weapon/staff/iron":43,"mmorpg:weapon/staff/wood":1,"cte_essentials:leather_1_boots":1},"minecraft:crafted":{"minecraft:oak_planks":2,"minecraft:crafting_table":1,"minecraft:spruce_planks":6,"minecraft:air":45,"minecraft:emerald_block":5,"minecraft:iron_axe":1,"minecraft:stick":1,"minecraft:iron_pickaxe":1,"minecraft:spruce_boat":2},"minecraft:custom":{"minecraft:interact_with_smithing_table":1,"minecraft:blood":0,"lootr:looted_stat":110,"minecraft:mob_kills":99,"minecraft:dexterity":6,"minecraft:intelligence":16,"minecraft:move_speed":0,"minecraft:interact_with_crafting_table":5,"minecraft:open_barrel":2,"minecraft:damage_dealt_resisted":0,"minecraft:eat_cake_slice":1,"minecraft:interact_with_grindstone":1,"minecraft:time_since_death":86997,"minecraft:sleep_in_bed":1,"minecraft:climb_one_cm":4812,"minecraft:levels_gained":10,"minecraft:mana":148,"minecraft:time_since_rest":79020,"minecraft:waystone_activated":3,"minecraft:magic_shield":101,"minecraft:damage_absorbed":4938,"minecraft:sprint_one_cm":288853,"minecraft:damage_taken":1941,"minecraft:walk_one_cm":296749,"minecraft:drop":17,"minecraft:damage_dealt":2143,"minecraft:health":321,"minecraft:talked_to_villager":1,"minecraft:swim_one_cm":46673,"minecraft:fly_one_cm":189738,"minecraft:open_chest":15,"minecraft:crouch_one_cm":7352,"minecraft:play_time":99201,"minecraft:deaths":1,"minecraft:sneak_time":2449,"minecraft:walk_under_water_one_cm":17847,"minecraft:boat_one_cm":64725,"minecraft:jump":1010,"minecraft:energy":151,"minecraft:walk_on_water_one_cm":21758,"minecraft:strength":11,"minecraft:total_world_time":99201,"minecraft:fall_one_cm":28782},"minecraft:picked_up":{"minecraft:crafting_table":2,"minecraft:air":0,"minecraft:tripwire_hook":1,"minecraft:anvil":2,"stalwart_dungeons:wooden_hammer":1,"minecraft:brown_wool":1,"mmorpg:jewelry/ring/iron":1,"stalwart_dungeons:diamond_hammer":4,"minecraft:oak_log":2,"farmersdelight:flint_knife":1,"cte_essentials:cloth_0_leggings":1,"paraglider:goddess_statue":1,"minecraft:string":4,"minecraft:moss_carpet":1,"minecraft:bone":8,"minecraft:blackstone":3,"minecraft:apple":1,"minecraft:spruce_planks":2,"minecraft:iron_ingot":1,"minecraft:cobweb":1,"minecraft:spruce_slab":2,"mmorpg:offhand/tome/wood":1,"minecraft:acacia_sapling":1,"minecraft:emerald_block":12,"mmorpg:skill_gems/support/str":1,"mmorpg:gems/opal/0":1,"minecraft:sandstone":1,"mmorpg:stat_soul":2,"minecraft:sand":12,"mmorpg:gems/opal/1":1,"minecraft:spruce_sapling":2,"minecraft:spruce_log":6,"minecraft:blast_furnace":6,"mmorpg:weapon/staff/wood":2,"mmorpg:skill_gems/support/int":1,"mmorpg:weapon/staff/iron":4,"minecraft:spider_eye":1,"minecraft:dark_oak_planks":1,"lightmanscurrency:coin_copper":5,"minecraft:arrow":19,"minecraft:rotten_flesh":26,"lightmanscurrency:wallet_gold":1,"minecraft:spruce_boat":1,"minecraft:crossbow":2,"minecraft:totem_of_undying":1,"minecraft:emerald":4,"supplementaries:ash":1,"minecraft:stripped_dark_oak_log":1,"minecraft:oak_sapling":1,"minecraft:mutton":2,"minecraft:coal":10}},"DataVersion":3465}