{"stats":{"minecraft:killed":{"minecraft:vex":9,"minecraft:husk":8,"minecraft:zombie_villager":1,"riskofrain_mobs:lemurian_entity":1,"minecraft:vindicator":3,"minecraft:spider":5,"minecraft:creeper":2,"minecraft:sheep":1,"minecraft:skeleton":9,"minecraft:pillager":1,"minecraft:zombie":14,"creeperoverhaul:dark_oak_creeper":1,"riskofrain_mobs:stone_golem_entity":1,"minecraft:drowned":12},"minecraft:mined":{"minecraft:spruce_planks":2,"minecraft:dark_oak_leaves":4,"minecraft:crafting_table":2,"minecraft:blast_furnace":6,"minecraft:cobblestone":1,"minecraft:sandstone":1,"minecraft:spawner":3,"minecraft:spruce_log":6,"minecraft:anvil":2,"minecraft:grass":1,"minecraft:oak_log":2,"minecraft:sand":15,"betterarcheology:loot_vase":1,"minecraft:emerald_block":2,"minecraft:spruce_slab":2,"minecraft:oak_leaves":2,"paraglider:goddess_statue":1},"minecraft:dropped":{"cte_essentials:leather_1_helmet":1,"minecraft:moss_carpet":1,"mmorpg:jewel/str":1,"lightmanscurrency:coin_copper":5,"minecraft:cobweb":1,"supplementaries:ash":1,"minecraft:shield":1,"farmersdelight:flint_knife":1,"minecraft:brown_wool":1,"minecraft:acacia_sapling":1,"lightmanscurrency:wallet_gold":1,"minecraft:spruce_slab":2,"cte_essentials:cloth_0_leggings":1},"minecraft:used":{"minecraft:zombie_spawn_egg":1,"minecraft:crafting_table":3,"minecraft:spruce_boat":2,"minecraft:iron_axe":23,"minecraft:bread":7,"stalwart_dungeons:diamond_hammer":3,"minecraft:iron_pickaxe":23,"mmorpg:weapon/staff/iron":43,"mmorpg:weapon/staff/wood":1,"cte_essentials:leather_1_boots":1},"minecraft:crafted":{"minecraft:oak_planks":2,"minecraft:crafting_table":1,"minecraft:spruce_planks":6,"minecraft:air":40,"minecraft:iron_axe":1,"minecraft:stick":1,"minecraft:iron_pickaxe":1,"minecraft:spruce_boat":2},"minecraft:custom":{"minecraft:interact_with_smithing_table":1,"minecraft:blood":0,"lootr:looted_stat":73,"minecraft:mob_kills":68,"minecraft:dexterity":6,"minecraft:intelligence":15,"minecraft:move_speed":0,"minecraft:interact_with_crafting_table":4,"minecraft:open_barrel":2,"minecraft:damage_dealt_resisted":0,"minecraft:eat_cake_slice":1,"minecraft:interact_with_grindstone":1,"minecraft:time_since_death":50997,"minecraft:sleep_in_bed":1,"minecraft:climb_one_cm":3688,"minecraft:levels_gained":9,"minecraft:mana":135,"minecraft:time_since_rest":43020,"minecraft:waystone_activated":3,"minecraft:magic_shield":78,"minecraft:damage_absorbed":3486,"minecraft:sprint_one_cm":187888,"minecraft:damage_taken":1238,"minecraft:walk_one_cm":212000,"minecraft:drop":13,"minecraft:damage_dealt":1363,"minecraft:health":303,"minecraft:swim_one_cm":36444,"minecraft:fly_one_cm":132810,"minecraft:open_chest":15,"minecraft:crouch_one_cm":4741,"minecraft:play_time":63201,"minecraft:deaths":1,"minecraft:sneak_time":1630,"minecraft:walk_under_water_one_cm":15988,"minecraft:boat_one_cm":64725,"minecraft:jump":680,"minecraft:energy":140,"minecraft:walk_on_water_one_cm":20248,"minecraft:strength":11,"minecraft:total_world_time":63201,"minecraft:fall_one_cm":15304},"minecraft:picked_up":{"minecraft:crafting_table":2,"minecraft:anvil":2,"stalwart_dungeons:wooden_hammer":1,"minecraft:brown_wool":1,"mmorpg:jewelry/ring/iron":1,"stalwart_dungeons:diamond_hammer":4,"minecraft:oak_log":2,"farmersdelight:flint_knife":1,"cte_essentials:cloth_0_leggings":1,"paraglider:goddess_statue":1,"minecraft:string":4,"minecraft:moss_carpet":1,"minecraft:bone":4,"minecraft:blackstone":3,"minecraft:apple":1,"minecraft:spruce_planks":2,"minecraft:cobweb":1,"minecraft:spruce_slab":2,"minecraft:acacia_sapling":1,"minecraft:emerald_block":1,"mmorpg:skill_gems/support/str":1,"mmorpg:gems/opal/0":1,"minecraft:sandstone":1,"minecraft:sand":12,"mmorpg:gems/opal/1":1,"minecraft:spruce_sapling":2,"minecraft:spruce_log":6,"minecraft:blast_furnace":6,"mmorpg:weapon/staff/wood":1,"mmorpg:skill_gems/support/int":1,"mmorpg:weapon/staff/iron":4,"minecraft:spider_eye":1,"lightmanscurrency:coin_copper":5,"minecraft:arrow":9,"minecraft:rotten_flesh":17,"lightmanscurrency:wallet_gold":1,"minecraft:spruce_boat":1,"minecraft:crossbow":2,"minecraft:emerald":1,"supplementaries:ash":1,"minecraft:oak_sapling":1,"minecraft:mutton":2,"minecraft:coal":10}},"DataVersion":3465}