{"stats":{"minecraft:killed":{"minecraft:husk":8,"riskofrain_mobs:lemurian_entity":1,"minecraft:spider":4,"minecraft:creeper":2,"minecraft:sheep":1,"minecraft:skeleton":7,"minecraft:zombie":8,"riskofrain_mobs:stone_golem_entity":1,"minecraft:drowned":2},"minecraft:mined":{"minecraft:crafting_table":1,"minecraft:blast_furnace":6,"minecraft:anvil":2,"minecraft:grass":1,"minecraft:oak_log":2,"paraglider:goddess_statue":1},"minecraft:dropped":{"mmorpg:jewel/str":1,"lightmanscurrency:coin_copper":5,"supplementaries:ash":1,"farmersdelight:flint_knife":1,"minecraft:brown_wool":1,"minecraft:acacia_sapling":1,"lightmanscurrency:wallet_gold":1,"cte_essentials:cloth_0_leggings":1},"minecraft:used":{"minecraft:zombie_spawn_egg":1,"minecraft:crafting_table":1,"minecraft:iron_axe":1,"minecraft:bread":3,"minecraft:iron_pickaxe":9,"mmorpg:weapon/staff/iron":25,"mmorpg:weapon/staff/wood":1,"cte_essentials:leather_1_boots":1},"minecraft:crafted":{"minecraft:oak_planks":2,"minecraft:crafting_table":1,"minecraft:air":14,"minecraft:iron_axe":1,"minecraft:stick":1,"minecraft:iron_pickaxe":1},"minecraft:custom":{"minecraft:interact_with_smithing_table":1,"minecraft:blood":0,"lootr:looted_stat":41,"minecraft:mob_kills":34,"minecraft:dexterity":6,"minecraft:intelligence":13,"minecraft:move_speed":0,"minecraft:interact_with_crafting_table":1,"minecraft:open_barrel":2,"minecraft:damage_dealt_resisted":0,"minecraft:eat_cake_slice":1,"minecraft:interact_with_grindstone":1,"minecraft:time_since_death":26997,"minecraft:sleep_in_bed":1,"minecraft:climb_one_cm":3564,"minecraft:levels_gained":8,"minecraft:mana":125,"minecraft:time_since_rest":19020,"minecraft:waystone_activated":3,"minecraft:magic_shield":29,"minecraft:damage_absorbed":1681,"minecraft:sprint_one_cm":105979,"minecraft:damage_taken":988,"minecraft:walk_one_cm":157676,"minecraft:drop":8,"minecraft:damage_dealt":748,"minecraft:health":290,"minecraft:swim_one_cm":9548,"minecraft:fly_one_cm":62911,"minecraft:open_chest":9,"minecraft:crouch_one_cm":2849,"minecraft:play_time":39201,"minecraft:deaths":1,"minecraft:sneak_time":668,"minecraft:walk_under_water_one_cm":2029,"minecraft:jump":302,"minecraft:energy":129,"minecraft:walk_on_water_one_cm":3427,"minecraft:strength":11,"minecraft:total_world_time":39201,"minecraft:fall_one_cm":6978},"minecraft:picked_up":{"minecraft:crafting_table":1,"minecraft:anvil":2,"stalwart_dungeons:wooden_hammer":1,"minecraft:brown_wool":1,"mmorpg:jewelry/ring/iron":1,"minecraft:oak_log":2,"farmersdelight:flint_knife":1,"cte_essentials:cloth_0_leggings":1,"paraglider:goddess_statue":1,"minecraft:string":4,"minecraft:bone":4,"minecraft:blackstone":3,"minecraft:acacia_sapling":1,"mmorpg:skill_gems/support/str":1,"mmorpg:gems/opal/0":1,"minecraft:blast_furnace":6,"mmorpg:weapon/staff/wood":1,"mmorpg:skill_gems/support/int":1,"mmorpg:weapon/staff/iron":4,"minecraft:spider_eye":1,"lightmanscurrency:coin_copper":5,"minecraft:arrow":9,"minecraft:rotten_flesh":2,"lightmanscurrency:wallet_gold":1,"minecraft:crossbow":2,"supplementaries:ash":1,"minecraft:mutton":2}},"DataVersion":3465}