{"stats":{"minecraft:killed":{"minecraft:sheep":1,"minecraft:skeleton":7,"minecraft:husk":8,"minecraft:zombie":7,"riskofrain_mobs:lemurian_entity":1,"riskofrain_mobs:stone_golem_entity":1,"minecraft:spider":4,"minecraft:drowned":2,"minecraft:creeper":2},"minecraft:mined":{"minecraft:crafting_table":1,"minecraft:grass":1,"minecraft:oak_log":2},"minecraft:dropped":{"supplementaries:ash":1,"farmersdelight:flint_knife":1,"mmorpg:jewel/str":1,"lightmanscurrency:coin_copper":5,"minecraft:brown_wool":1,"minecraft:acacia_sapling":1,"lightmanscurrency:wallet_gold":1},"minecraft:used":{"minecraft:iron_axe":1,"minecraft:bread":2,"minecraft:zombie_spawn_egg":1,"mmorpg:weapon/staff/iron":25,"cte_essentials:leather_1_boots":1,"minecraft:crafting_table":1},"minecraft:crafted":{"minecraft:oak_planks":2,"minecraft:iron_axe":1,"minecraft:crafting_table":1,"minecraft:iron_pickaxe":1,"minecraft:stick":1,"minecraft:air":14},"minecraft:custom":{"minecraft:time_since_rest":7020,"minecraft:waystone_activated":1,"minecraft:blood":0,"minecraft:magic_shield":11,"lootr:looted_stat":12,"minecraft:sprint_one_cm":78573,"minecraft:walk_one_cm":129896,"minecraft:damage_taken":957,"minecraft:damage_absorbed":1592,"minecraft:mob_kills":33,"minecraft:drop":7,"minecraft:dexterity":6,"minecraft:intelligence":13,"minecraft:damage_dealt":714,"minecraft:health":234,"minecraft:move_speed":0,"minecraft:interact_with_crafting_table":1,"minecraft:swim_one_cm":8139,"minecraft:fly_one_cm":45663,"minecraft:crouch_one_cm":2085,"minecraft:play_time":27201,"minecraft:deaths":1,"minecraft:sneak_time":541,"minecraft:walk_under_water_one_cm":1804,"minecraft:jump":227,"minecraft:damage_dealt_resisted":0,"minecraft:eat_cake_slice":1,"minecraft:energy":122,"minecraft:interact_with_grindstone":1,"minecraft:time_since_death":14997,"minecraft:walk_on_water_one_cm":3340,"minecraft:strength":6,"minecraft:sleep_in_bed":1,"minecraft:climb_one_cm":3564,"minecraft:total_world_time":27201,"minecraft:levels_gained":7,"minecraft:fall_one_cm":5873,"minecraft:mana":114},"minecraft:picked_up":{"mmorpg:skill_gems/support/str":1,"mmorpg:gems/opal/0":1,"stalwart_dungeons:wooden_hammer":1,"minecraft:brown_wool":1,"mmorpg:jewelry/ring/iron":1,"minecraft:oak_log":2,"mmorpg:skill_gems/support/int":1,"mmorpg:weapon/staff/wood":1,"cte_essentials:cloth_0_leggings":1,"mmorpg:weapon/staff/iron":4,"farmersdelight:flint_knife":1,"minecraft:spider_eye":1,"minecraft:string":4,"minecraft:blackstone":3,"lightmanscurrency:coin_copper":5,"minecraft:bone":4,"minecraft:arrow":9,"minecraft:rotten_flesh":2,"lightmanscurrency:wallet_gold":1,"minecraft:crossbow":2,"supplementaries:ash":1,"minecraft:mutton":2,"minecraft:acacia_sapling":1,"minecraft:crafting_table":1}},"DataVersion":3465}