{"stats":{"minecraft:killed":{"minecraft:evoker":1,"minecraft:vex":15,"minecraft:husk":8,"minecraft:zombie_villager":1,"riskofrain_mobs:lemurian_entity":1,"minecraft:vindicator":4,"minecraft:spider":5,"minecraft:creeper":3,"minecraft:sheep":1,"minecraft:skeleton":9,"minecraft:pillager":7,"minecraft:zombie":16,"creeperoverhaul:dark_oak_creeper":1,"riskofrain_mobs:stone_golem_entity":1,"minecraft:drowned":12},"minecraft:mined":{"minecraft:dark_oak_planks":1,"minecraft:spruce_planks":2,"minecraft:dark_oak_leaves":4,"minecraft:stripped_dark_oak_log":1,"minecraft:crafting_table":2,"minecraft:blast_furnace":6,"minecraft:cobblestone":1,"minecraft:sandstone":1,"minecraft:spawner":3,"minecraft:spruce_log":6,"minecraft:anvil":2,"minecraft:grass":1,"minecraft:oak_log":2,"minecraft:sand":15,"betterarcheology:loot_vase":1,"minecraft:emerald_block":12,"minecraft:spruce_slab":2,"minecraft:oak_leaves":2,"paraglider:goddess_statue":1},"minecraft:broken":{"cte_essentials:leather_1_boots":1},"minecraft:dropped":{"cte_essentials:leather_1_helmet":1,"minecraft:moss_carpet":1,"mmorpg:jewel/str":1,"lightmanscurrency:coin_copper":5,"minecraft:cobweb":1,"supplementaries:ash":1,"minecraft:shield":1,"farmersdelight:flint_knife":1,"mmorpg:offhand/tome/wood":1,"minecraft:brown_wool":1,"minecraft:acacia_sapling":1,"lightmanscurrency:wallet_gold":1,"minecraft:spruce_slab":2,"minecraft:arrow":9,"ftbquests:book":1,"cte_essentials:cloth_0_leggings":1},"minecraft:used":{"minecraft:spruce_planks":2,"minecraft:zombie_spawn_egg":1,"minecraft:crafting_table":3,"minecraft:spruce_boat":2,"minecraft:iron_axe":25,"minecraft:bread":9,"stalwart_dungeons:diamond_hammer":18,"minecraft:iron_pickaxe":33,"mmorpg:weapon/staff/iron":43,"mmorpg:weapon/staff/wood":1,"cte_essentials:leather_1_boots":1},"minecraft:crafted":{"minecraft:oak_planks":2,"minecraft:crafting_table":1,"minecraft:spruce_planks":6,"minecraft:air":45,"minecraft:emerald_block":5,"minecraft:iron_axe":1,"minecraft:stick":1,"minecraft:iron_pickaxe":1,"minecraft:spruce_boat":2},"minecraft:custom":{"minecraft:interact_with_smithing_table":1,"minecraft:blood":0,"lootr:looted_stat":103,"minecraft:mob_kills":85,"minecraft:dexterity":6,"minecraft:intelligence":15,"minecraft:move_speed":0,"minecraft:interact_with_crafting_table":5,"minecraft:open_barrel":2,"minecraft:damage_dealt_resisted":0,"minecraft:eat_cake_slice":1,"minecraft:interact_with_grindstone":1,"minecraft:time_since_death":62997,"minecraft:sleep_in_bed":1,"minecraft:climb_one_cm":3688,"minecraft:levels_gained":9,"minecraft:mana":137,"minecraft:time_since_rest":55020,"minecraft:waystone_activated":3,"minecraft:magic_shield":101,"minecraft:damage_absorbed":4684,"minecraft:sprint_one_cm":238856,"minecraft:damage_taken":1394,"minecraft:walk_one_cm":261297,"minecraft:drop":16,"minecraft:damage_dealt":1969,"minecraft:health":305,"minecraft:talked_to_villager":1,"minecraft:swim_one_cm":36444,"minecraft:fly_one_cm":160847,"minecraft:open_chest":15,"minecraft:crouch_one_cm":6352,"minecraft:play_time":75201,"minecraft:deaths":1,"minecraft:sneak_time":2079,"minecraft:walk_under_water_one_cm":15988,"minecraft:boat_one_cm":64725,"minecraft:jump":820,"minecraft:energy":140,"minecraft:walk_on_water_one_cm":20248,"minecraft:strength":11,"minecraft:total_world_time":75201,"minecraft:fall_one_cm":20266},"minecraft:picked_up":{"minecraft:crafting_table":2,"minecraft:air":0,"minecraft:anvil":2,"stalwart_dungeons:wooden_hammer":1,"minecraft:brown_wool":1,"mmorpg:jewelry/ring/iron":1,"stalwart_dungeons:diamond_hammer":4,"minecraft:oak_log":2,"farmersdelight:flint_knife":1,"cte_essentials:cloth_0_leggings":1,"paraglider:goddess_statue":1,"minecraft:string":4,"minecraft:moss_carpet":1,"minecraft:bone":4,"minecraft:blackstone":3,"minecraft:apple":1,"minecraft:spruce_planks":2,"minecraft:cobweb":1,"minecraft:spruce_slab":2,"mmorpg:offhand/tome/wood":1,"minecraft:acacia_sapling":1,"minecraft:emerald_block":12,"mmorpg:skill_gems/support/str":1,"mmorpg:gems/opal/0":1,"minecraft:sandstone":1,"mmorpg:stat_soul":1,"minecraft:sand":12,"mmorpg:gems/opal/1":1,"minecraft:spruce_sapling":2,"minecraft:spruce_log":6,"minecraft:blast_furnace":6,"mmorpg:weapon/staff/wood":1,"mmorpg:skill_gems/support/int":1,"mmorpg:weapon/staff/iron":4,"minecraft:spider_eye":1,"minecraft:dark_oak_planks":1,"lightmanscurrency:coin_copper":5,"minecraft:arrow":18,"minecraft:rotten_flesh":17,"lightmanscurrency:wallet_gold":1,"minecraft:spruce_boat":1,"minecraft:crossbow":2,"minecraft:totem_of_undying":1,"minecraft:emerald":4,"supplementaries:ash":1,"minecraft:stripped_dark_oak_log":1,"minecraft:oak_sapling":1,"minecraft:mutton":2,"minecraft:coal":10}},"DataVersion":3465}