{"stats":{"minecraft:killed":{"minecraft:evoker":1,"minecraft:vex":15,"minecraft:spider":16,"minecraft:vindicator":4,"minecraft:skeleton":24,"creeperoverhaul:dark_oak_creeper":1,"minecraft:drowned":14,"minecraft:husk":14,"minecraft:zombie_villager":1,"riskofrain_mobs:lemurian_entity":1,"creeperoverhaul:spruce_creeper":3,"minecraft:frog":7,"minecraft:creeper":3,"minecraft:sheep":1,"minecraft:pillager":7,"minecraft:zombie":32,"riskofrain_mobs:stone_golem_entity":1,"alexsmobs:crow":1,"minecraft:enderman":1},"minecraft:mined":{"minecraft:dark_oak_planks":1,"minecraft:spruce_planks":2,"minecraft:dark_oak_leaves":4,"minecraft:red_nether_bricks":1,"minecraft:decorated_pot":1,"minecraft:mangrove_trapdoor":1,"minecraft:spruce_leaves":3,"minecraft:sandstone":1,"minecraft:spawner":6,"minecraft:anvil":2,"minecraft:stripped_dark_oak_wood":1,"betterarcheology:loot_vase":1,"minecraft:stripped_mangrove_wood":7,"minecraft:spruce_slab":2,"minecraft:stripped_dark_oak_log":1,"minecraft:powder_snow":1,"minecraft:crafting_table":2,"minecraft:blast_furnace":6,"minecraft:calcite":4,"minecraft:cobblestone":1,"minecraft:diorite":1,"minecraft:spruce_log":6,"minecraft:grass":1,"friendsandfoes:weathered_lightning_rod":1,"minecraft:oak_log":2,"minecraft:sand":15,"minecraft:gray_carpet":1,"minecraft:oak_leaves":5,"minecraft:emerald_block":12,"paraglider:goddess_statue":1},"minecraft:broken":{"cte_essentials:leather_1_boots":1},"minecraft:dropped":{"mmorpg:stat_soul":1,"mmorpg:jewel/str":1,"lightmanscurrency:coin_copper":5,"minecraft:chorus_fruit":1,"minecraft:feather":1,"minecraft:grass_block":1,"minecraft:cobweb":1,"minecraft:brown_wool":1,"minecraft:string":3,"ftbquests:book":1,"cte_essentials:leather_1_helmet":1,"minecraft:moss_carpet":1,"supplementaries:ash":1,"minecraft:potato":1,"minecraft:spruce_boat":1,"farmersdelight:flint_knife":1,"minecraft:shield":1,"mmorpg:offhand/tome/wood":1,"minecraft:acacia_sapling":1,"lightmanscurrency:wallet_gold":1,"minecraft:spruce_slab":2,"minecraft:arrow":11,"mmorpg:gems/amethyst/0":1,"cte_essentials:cloth_0_leggings":1},"minecraft:used":{"minecraft:spruce_planks":9,"minecraft:zombie_spawn_egg":1,"minecraft:spruce_boat":2,"minecraft:iron_axe":33,"stalwart_dungeons:diamond_hammer":56,"cte_essentials:leather_1_boots":1,"minecraft:crafting_table":3,"minecraft:bread":16,"minecraft:iron_pickaxe":46,"mmorpg:weapon/staff/iron":43,"mmorpg:weapon/staff/wood":1},"minecraft:crafted":{"minecraft:oak_planks":2,"minecraft:iron_axe":1,"minecraft:spruce_boat":2,"minecraft:crafting_table":1,"minecraft:spruce_planks":6,"minecraft:air":45,"minecraft:emerald_block":5,"minecraft:stick":1,"minecraft:iron_pickaxe":1},"minecraft:custom":{"minecraft:interact_with_smithing_table":1,"minecraft:blood":0,"lootr:looted_stat":121,"minecraft:mob_kills":147,"minecraft:dexterity":6,"minecraft:interact_with_crafting_table":5,"minecraft:open_barrel":2,"minecraft:damage_dealt_resisted":0,"minecraft:eat_cake_slice":1,"minecraft:time_since_death":98997,"minecraft:climb_one_cm":5584,"minecraft:mana":158,"minecraft:magic_shield":100,"minecraft:sprint_one_cm":368665,"minecraft:walk_one_cm":353314,"minecraft:drop":28,"minecraft:health":335,"minecraft:talked_to_villager":1,"minecraft:play_time":111201,"minecraft:sneak_time":2503,"minecraft:deaths":1,"minecraft:walk_under_water_one_cm":17847,"minecraft:boat_one_cm":64725,"minecraft:jump":1277,"minecraft:energy":161,"minecraft:interact_with_blast_furnace":1,"minecraft:walk_on_water_one_cm":21758,"minecraft:total_world_time":111201,"minecraft:intelligence":16,"minecraft:move_speed":0,"minecraft:interact_with_grindstone":1,"minecraft:sleep_in_bed":1,"minecraft:levels_gained":11,"minecraft:time_since_rest":91020,"minecraft:waystone_activated":3,"minecraft:damage_taken":2689,"minecraft:damage_absorbed":5848,"minecraft:damage_dealt":2987,"minecraft:swim_one_cm":46673,"minecraft:fly_one_cm":244728,"minecraft:open_chest":15,"minecraft:crouch_one_cm":7489,"minecraft:strength":11,"minecraft:fall_one_cm":40604},"minecraft:picked_up":{"minecraft:crafting_table":2,"mmorpg:currency/orb_of_quality":1,"minecraft:anvil":2,"mmorpg:jewelry/ring/iron":1,"cte_essentials:cloth_0_leggings":1,"paraglider:goddess_statue":1,"minecraft:string":7,"minecraft:moss_carpet":1,"mmorpg:currency/extract_gem":1,"minecraft:blackstone":3,"minecraft:spruce_planks":2,"minecraft:spruce_slab":2,"mmorpg:gems/amethyst/0":1,"mmorpg:gems/opal/0":2,"minecraft:sandstone":1,"mmorpg:gems/opal/1":1,"minecraft:trident":1,"mmorpg:skill_gems/support/int":1,"minecraft:dark_oak_planks":1,"minecraft:arrow":22,"minecraft:rotten_flesh":37,"minecraft:totem_of_undying":1,"supplementaries:ash":1,"minecraft:mutton":2,"minecraft:air":0,"minecraft:feather":2,"stalwart_dungeons:wooden_hammer":1,"minecraft:tripwire_hook":1,"minecraft:brown_wool":1,"minecraft:potato":1,"minecraft:oak_log":2,"stalwart_dungeons:diamond_hammer":4,"farmersdelight:flint_knife":1,"minecraft:bone":20,"minecraft:apple":1,"minecraft:iron_ingot":1,"minecraft:cobweb":1,"minecraft:acacia_sapling":1,"mmorpg:skill_gems/support/str":1,"mmorpg:offhand/tome/wood":1,"minecraft:emerald_block":12,"mmorpg:stat_soul":2,"minecraft:sand":12,"minecraft:spruce_sapling":2,"minecraft:blast_furnace":6,"mmorpg:weapon/staff/wood":2,"minecraft:spruce_log":6,"minecraft:grass_block":1,"mmorpg:weapon/staff/iron":4,"minecraft:spider_eye":1,"lightmanscurrency:coin_copper":5,"lightmanscurrency:wallet_gold":1,"minecraft:spruce_boat":1,"minecraft:crossbow":2,"minecraft:emerald":4,"minecraft:oak_sapling":1,"minecraft:chorus_fruit":2,"minecraft:stripped_dark_oak_log":1,"minecraft:coal":10,"minecraft:ender_pearl":1}},"DataVersion":3465}