{"stats":{"minecraft:killed":{"minecraft:sheep":1,"minecraft:husk":8,"minecraft:zombie":1,"minecraft:spider":3,"minecraft:drowned":1,"minecraft:creeper":2},"minecraft:dropped":{"minecraft:brown_wool":1,"lightmanscurrency:wallet_gold":1},"minecraft:used":{"minecraft:bread":1,"minecraft:zombie_spawn_egg":1,"mmorpg:weapon/staff/iron":6,"cte_essentials:leather_1_boots":1},"minecraft:custom":{"minecraft:time_since_rest":3023,"minecraft:waystone_activated":1,"minecraft:blood":0,"minecraft:magic_shield":10,"lootr:looted_stat":1,"minecraft:sprint_one_cm":35161,"minecraft:walk_one_cm":56266,"minecraft:damage_taken":613,"minecraft:damage_absorbed":1167,"minecraft:mob_kills":16,"minecraft:drop":2,"minecraft:dexterity":1,"minecraft:intelligence":4,"minecraft:damage_dealt":337,"minecraft:health":190,"minecraft:move_speed":0,"minecraft:swim_one_cm":4989,"minecraft:fly_one_cm":26515,"minecraft:crouch_one_cm":1292,"minecraft:play_time":15201,"minecraft:deaths":1,"minecraft:sneak_time":285,"minecraft:walk_under_water_one_cm":1279,"minecraft:jump":120,"minecraft:damage_dealt_resisted":0,"minecraft:energy":105,"minecraft:interact_with_grindstone":1,"minecraft:time_since_death":2997,"minecraft:walk_on_water_one_cm":2224,"minecraft:strength":1,"minecraft:total_world_time":15201,"minecraft:levels_gained":6,"minecraft:fall_one_cm":3037,"minecraft:mana":104},"minecraft:picked_up":{"mmorpg:gems/opal/0":1,"minecraft:brown_wool":1,"cte_essentials:cloth_0_leggings":1,"mmorpg:weapon/staff/iron":4,"farmersdelight:flint_knife":1,"minecraft:spider_eye":1,"minecraft:string":3,"lightmanscurrency:coin_copper":5,"minecraft:rotten_flesh":2,"lightmanscurrency:wallet_gold":1,"minecraft:mutton":2}},"DataVersion":3465}