{"stats":{"minecraft:killed":{"minecraft:husk":8,"minecraft:zombie_villager":1,"riskofrain_mobs:lemurian_entity":1,"minecraft:vindicator":1,"minecraft:spider":5,"minecraft:creeper":2,"minecraft:sheep":1,"minecraft:skeleton":8,"minecraft:pillager":1,"minecraft:zombie":10,"riskofrain_mobs:stone_golem_entity":1,"minecraft:drowned":2},"minecraft:mined":{"minecraft:spruce_planks":2,"minecraft:crafting_table":1,"minecraft:blast_furnace":6,"minecraft:sandstone":1,"minecraft:spawner":1,"minecraft:anvil":2,"minecraft:grass":1,"minecraft:oak_log":2,"minecraft:sand":15,"minecraft:spruce_slab":2,"minecraft:oak_leaves":2,"paraglider:goddess_statue":1},"minecraft:dropped":{"cte_essentials:leather_1_helmet":1,"mmorpg:jewel/str":1,"lightmanscurrency:coin_copper":5,"supplementaries:ash":1,"farmersdelight:flint_knife":1,"minecraft:brown_wool":1,"minecraft:acacia_sapling":1,"lightmanscurrency:wallet_gold":1,"cte_essentials:cloth_0_leggings":1},"minecraft:used":{"minecraft:zombie_spawn_egg":1,"minecraft:crafting_table":1,"minecraft:iron_axe":16,"minecraft:bread":6,"minecraft:iron_pickaxe":17,"mmorpg:weapon/staff/iron":28,"mmorpg:weapon/staff/wood":1,"cte_essentials:leather_1_boots":1},"minecraft:crafted":{"minecraft:oak_planks":2,"minecraft:crafting_table":1,"minecraft:air":14,"minecraft:iron_axe":1,"minecraft:stick":1,"minecraft:iron_pickaxe":1},"minecraft:custom":{"minecraft:interact_with_smithing_table":1,"minecraft:blood":0,"lootr:looted_stat":63,"minecraft:mob_kills":41,"minecraft:dexterity":6,"minecraft:intelligence":13,"minecraft:move_speed":0,"minecraft:interact_with_crafting_table":1,"minecraft:open_barrel":2,"minecraft:damage_dealt_resisted":0,"minecraft:eat_cake_slice":1,"minecraft:interact_with_grindstone":1,"minecraft:time_since_death":38997,"minecraft:sleep_in_bed":1,"minecraft:climb_one_cm":3564,"minecraft:levels_gained":8,"minecraft:mana":125,"minecraft:time_since_rest":31020,"minecraft:waystone_activated":3,"minecraft:magic_shield":44,"minecraft:damage_absorbed":2095,"minecraft:sprint_one_cm":148230,"minecraft:damage_taken":1064,"minecraft:walk_one_cm":178325,"minecraft:drop":9,"minecraft:damage_dealt":861,"minecraft:health":299,"minecraft:swim_one_cm":28855,"minecraft:fly_one_cm":99735,"minecraft:open_chest":15,"minecraft:crouch_one_cm":3461,"minecraft:play_time":51201,"minecraft:deaths":1,"minecraft:sneak_time":1385,"minecraft:walk_under_water_one_cm":14935,"minecraft:jump":468,"minecraft:energy":129,"minecraft:walk_on_water_one_cm":11652,"minecraft:strength":11,"minecraft:total_world_time":51201,"minecraft:fall_one_cm":10500},"minecraft:picked_up":{"minecraft:crafting_table":1,"minecraft:anvil":2,"stalwart_dungeons:wooden_hammer":1,"minecraft:brown_wool":1,"mmorpg:jewelry/ring/iron":1,"stalwart_dungeons:diamond_hammer":3,"minecraft:oak_log":2,"farmersdelight:flint_knife":1,"cte_essentials:cloth_0_leggings":1,"paraglider:goddess_statue":1,"minecraft:string":4,"minecraft:bone":4,"minecraft:blackstone":3,"minecraft:spruce_planks":2,"minecraft:spruce_slab":2,"minecraft:acacia_sapling":1,"mmorpg:skill_gems/support/str":1,"mmorpg:gems/opal/0":1,"minecraft:sandstone":1,"minecraft:sand":12,"minecraft:blast_furnace":6,"mmorpg:weapon/staff/wood":1,"mmorpg:skill_gems/support/int":1,"mmorpg:weapon/staff/iron":4,"minecraft:spider_eye":1,"lightmanscurrency:coin_copper":5,"minecraft:arrow":9,"minecraft:rotten_flesh":4,"lightmanscurrency:wallet_gold":1,"minecraft:crossbow":2,"minecraft:emerald":1,"supplementaries:ash":1,"minecraft:oak_sapling":1,"minecraft:mutton":2}},"DataVersion":3465}