{"stats":{"minecraft:killed":{"minecraft:skeleton":2,"minecraft:husk":1,"minecraft:zombie":3,"minecraft:drowned":2,"minecraft:tropical_fish":1},"minecraft:mined":{"minecraft:cyan_bed":2},"minecraft:dropped":{"minecraft:iron_chestplate":1,"minecraft:iron_helmet":1,"lightmanscurrency:coin_iron":16,"minecraft:arrow":68,"minecraft:bow":1,"cte_essentials:leather_0_leggings":1,"minecraft:leather_chestplate":1,"farmersdelight:iron_knife":1},"minecraft:broken":{"cte_essentials:leather_0_boots":1,"cte_essentials:leather_0_helmet":1},"minecraft:used":{"farmersdelight:iron_knife":60,"farmersdelight:cake_slice":2,"minecraft:netherite_axe":3,"cte_essentials:plate_0_chestplate":1,"minecraft:leather_chestplate":1,"cte_essentials:leather_0_leggings":1,"minecraft:zombie_spawn_egg":1,"cte_essentials:leather_0_helmet":1,"cte_essentials:leather_0_chestplate":2,"minecraft:skeleton_spawn_egg":1,"cte_essentials:cloth_0_boots":1,"cte_essentials:leather_0_boots":1},"minecraft:custom":{"lootr:looted_stat":38,"minecraft:time_since_rest":26663,"minecraft:blood":0,"minecraft:waystone_activated":1,"minecraft:magic_shield":0,"minecraft:sprint_one_cm":57109,"minecraft:walk_one_cm":105765,"minecraft:damage_taken":1198,"minecraft:damage_absorbed":1543,"minecraft:mob_kills":9,"minecraft:drop":10,"minecraft:dexterity":13,"minecraft:intelligence":7,"minecraft:damage_dealt":2340,"minecraft:health":257,"minecraft:move_speed":6,"minecraft:swim_one_cm":14070,"minecraft:fly_one_cm":23809,"minecraft:crouch_one_cm":817,"minecraft:play_time":38667,"minecraft:deaths":2,"minecraft:sneak_time":244,"minecraft:walk_under_water_one_cm":2155,"minecraft:jump":171,"minecraft:energy":115,"minecraft:walk_on_water_one_cm":2766,"minecraft:time_since_death":26632,"minecraft:strength":6,"minecraft:climb_one_cm":4050,"minecraft:total_world_time":38667,"minecraft:damage_resisted":0,"minecraft:levels_gained":7,"minecraft:fall_one_cm":5412,"minecraft:mana":115},"minecraft:picked_up":{"mmorpg:skill_gems/support/dex":1,"mmorpg:gems/opal/0":1,"minecraft:brown_wool":1,"cte_essentials:leather_0_leggings":1,"mmorpg:stat_soul":2,"mmorpg:jewelry/necklace/iron":1,"minecraft:gunpowder":1,"minecraft:cyan_bed":2,"cte_essentials:plate_0_helmet":1,"farmersdelight:tomato":2,"minecraft:spider_eye":1,"cte_essentials:cloth_0_boots":1,"minecraft:bone":1,"farmersdelight:cake_slice":2,"minecraft:arrow":72,"farmersdelight:iron_knife":1,"minecraft:rotten_flesh":9,"minecraft:dark_oak_sign":2,"supplementaries:ash":1,"cte_essentials:plate_0_chestplate":1,"minecraft:egg":1},"minecraft:killed_by":{"minecraft:husk":2}},"DataVersion":3465}