{"stats":{"minecraft:killed":{"minecraft:skeleton":2,"minecraft:husk":1,"minecraft:zombie":3,"minecraft:tropical_fish":1},"minecraft:dropped":{"lightmanscurrency:coin_iron":16},"minecraft:broken":{"cte_essentials:leather_0_boots":1,"cte_essentials:leather_0_helmet":1},"minecraft:used":{"farmersdelight:iron_knife":49,"cte_essentials:leather_0_leggings":1,"minecraft:zombie_spawn_egg":1,"cte_essentials:leather_0_helmet":1,"cte_essentials:leather_0_chestplate":1,"minecraft:skeleton_spawn_egg":1,"cte_essentials:cloth_0_boots":1,"cte_essentials:leather_0_boots":1},"minecraft:custom":{"lootr:looted_stat":3,"minecraft:time_since_rest":2663,"minecraft:blood":0,"minecraft:waystone_activated":1,"minecraft:magic_shield":6,"minecraft:sprint_one_cm":34825,"minecraft:walk_one_cm":46477,"minecraft:damage_taken":939,"minecraft:damage_absorbed":1422,"minecraft:mob_kills":7,"minecraft:drop":2,"minecraft:dexterity":13,"minecraft:intelligence":7,"minecraft:damage_dealt":1916,"minecraft:health":212,"minecraft:move_speed":0,"minecraft:swim_one_cm":3621,"minecraft:fly_one_cm":17447,"minecraft:crouch_one_cm":96,"minecraft:play_time":14667,"minecraft:deaths":2,"minecraft:sneak_time":19,"minecraft:walk_under_water_one_cm":620,"minecraft:jump":111,"minecraft:energy":100,"minecraft:walk_on_water_one_cm":904,"minecraft:time_since_death":2632,"minecraft:strength":5,"minecraft:total_world_time":14667,"minecraft:damage_resisted":0,"minecraft:levels_gained":6,"minecraft:fall_one_cm":3162,"minecraft:mana":106},"minecraft:picked_up":{"mmorpg:skill_gems/support/dex":1,"mmorpg:gems/opal/0":1,"minecraft:brown_wool":1,"cte_essentials:leather_0_leggings":1,"mmorpg:stat_soul":2,"mmorpg:jewelry/necklace/iron":1,"minecraft:gunpowder":1,"cte_essentials:plate_0_helmet":1,"minecraft:spider_eye":1,"cte_essentials:cloth_0_boots":1,"minecraft:bone":1,"farmersdelight:cake_slice":2,"minecraft:arrow":4,"minecraft:rotten_flesh":7,"supplementaries:ash":1,"minecraft:egg":1},"minecraft:killed_by":{"minecraft:husk":2}},"DataVersion":3465}