{"stats":{"minecraft:killed":{"minecraft:skeleton":2,"minecraft:husk":1,"minecraft:zombie":3,"minecraft:tropical_fish":1},"minecraft:mined":{"minecraft:cyan_bed":2},"minecraft:dropped":{"lightmanscurrency:coin_iron":16,"minecraft:arrow":68},"minecraft:broken":{"cte_essentials:leather_0_boots":1,"cte_essentials:leather_0_helmet":1},"minecraft:used":{"farmersdelight:iron_knife":52,"cte_essentials:plate_0_chestplate":1,"minecraft:leather_chestplate":1,"cte_essentials:leather_0_leggings":1,"minecraft:zombie_spawn_egg":1,"cte_essentials:leather_0_helmet":1,"cte_essentials:leather_0_chestplate":2,"minecraft:skeleton_spawn_egg":1,"cte_essentials:cloth_0_boots":1,"cte_essentials:leather_0_boots":1},"minecraft:custom":{"lootr:looted_stat":9,"minecraft:time_since_rest":14663,"minecraft:blood":0,"minecraft:waystone_activated":1,"minecraft:magic_shield":6,"minecraft:sprint_one_cm":43913,"minecraft:walk_one_cm":81986,"minecraft:damage_taken":1122,"minecraft:damage_absorbed":1486,"minecraft:mob_kills":7,"minecraft:drop":4,"minecraft:dexterity":13,"minecraft:intelligence":7,"minecraft:damage_dealt":1939,"minecraft:health":270,"minecraft:move_speed":0,"minecraft:swim_one_cm":14070,"minecraft:fly_one_cm":23036,"minecraft:crouch_one_cm":717,"minecraft:play_time":26667,"minecraft:deaths":2,"minecraft:sneak_time":229,"minecraft:walk_under_water_one_cm":2155,"minecraft:jump":160,"minecraft:energy":115,"minecraft:walk_on_water_one_cm":2544,"minecraft:time_since_death":14632,"minecraft:strength":10,"minecraft:climb_one_cm":3117,"minecraft:total_world_time":26667,"minecraft:damage_resisted":0,"minecraft:levels_gained":7,"minecraft:fall_one_cm":5201,"minecraft:mana":116},"minecraft:picked_up":{"mmorpg:skill_gems/support/dex":1,"mmorpg:gems/opal/0":1,"minecraft:brown_wool":1,"cte_essentials:leather_0_leggings":1,"mmorpg:stat_soul":2,"mmorpg:jewelry/necklace/iron":1,"minecraft:gunpowder":1,"minecraft:cyan_bed":2,"cte_essentials:plate_0_helmet":1,"minecraft:spider_eye":1,"cte_essentials:cloth_0_boots":1,"minecraft:bone":1,"farmersdelight:cake_slice":2,"minecraft:arrow":72,"minecraft:rotten_flesh":9,"minecraft:dark_oak_sign":2,"supplementaries:ash":1,"cte_essentials:plate_0_chestplate":1,"minecraft:egg":1},"minecraft:killed_by":{"minecraft:husk":2}},"DataVersion":3465}