{"stats":{"minecraft:custom":{"minecraft:jump":14,"minecraft:intelligence":0,"minecraft:time_since_rest":2667,"minecraft:energy":70,"minecraft:blood":0,"minecraft:magic_shield":0,"minecraft:sprint_one_cm":4074,"minecraft:health":132,"minecraft:play_time":2667,"minecraft:move_speed":0,"minecraft:time_since_death":2667,"minecraft:walk_one_cm":1708,"minecraft:strength":0,"minecraft:total_world_time":2667,"minecraft:levels_gained":3,"minecraft:fall_one_cm":687,"minecraft:fly_one_cm":2718,"minecraft:mana":70,"minecraft:dexterity":0}},"DataVersion":3465}