{"stats":{"minecraft:killed":{"minecraft:husk":1,"minecraft:zombie_villager":1,"minecraft:spider":1,"minecraft:creeper":2,"minecraft:skeleton":3,"minecraft:zombie":17,"minecraft:drowned":5,"minecraft:tropical_fish":1},"minecraft:mined":{"minecraft:acacia_leaves":1,"minecraft:acacia_log":9,"minecraft:cyan_bed":2},"minecraft:broken":{"cte_essentials:leather_0_helmet":1,"cte_essentials:plate_0_helmet":1,"cte_essentials:leather_0_boots":1,"cte_essentials:leather_0_chestplate":1},"minecraft:dropped":{"farmersdelight:iron_knife":1,"minecraft:stone_axe":1,"minecraft:iron_helmet":1,"minecraft:leather_chestplate":1,"minecraft:iron_chestplate":1,"lightmanscurrency:coin_iron":16,"minecraft:arrow":74,"minecraft:bow":1,"minecraft:acacia_planks":11,"cte_essentials:leather_0_leggings":1},"minecraft:crafted":{"minecraft:crafting_table":1,"minecraft:acacia_boat":1,"minecraft:air":14,"minecraft:acacia_planks":3},"minecraft:used":{"farmersdelight:iron_knife":82,"minecraft:acacia_boat":1,"minecraft:leather_chestplate":1,"minecraft:zombie_spawn_egg":1,"cte_essentials:leather_0_chestplate":2,"minecraft:skeleton_spawn_egg":1,"minecraft:crafting_table":1,"cte_essentials:leather_0_boots":1,"farmersdelight:cake_slice":2,"minecraft:netherite_axe":32,"cte_essentials:plate_0_chestplate":1,"cte_essentials:leather_0_leggings":1,"cte_essentials:leather_0_helmet":1,"cte_essentials:cloth_0_boots":1,"minecraft:pumpkin_pie":2},"minecraft:custom":{"minecraft:blood":0,"lootr:looted_stat":46,"minecraft:mob_kills":31,"minecraft:dexterity":13,"minecraft:intelligence":7,"minecraft:move_speed":0,"minecraft:interact_with_crafting_table":1,"minecraft:damage_dealt_resisted":0,"minecraft:leave_game":1,"minecraft:time_since_death":7866,"minecraft:climb_one_cm":4877,"minecraft:damage_resisted":0,"minecraft:levels_gained":8,"minecraft:mana":126,"minecraft:time_since_rest":7903,"minecraft:waystone_activated":1,"minecraft:magic_shield":0,"minecraft:sprint_one_cm":102276,"minecraft:damage_absorbed":2612,"minecraft:damage_taken":2092,"minecraft:walk_one_cm":150203,"minecraft:drop":14,"minecraft:damage_dealt":4631,"minecraft:health":275,"minecraft:swim_one_cm":21377,"minecraft:fly_one_cm":52118,"minecraft:open_chest":5,"minecraft:crouch_one_cm":1016,"minecraft:play_time":65573,"minecraft:deaths":3,"minecraft:sneak_time":566,"minecraft:walk_under_water_one_cm":25584,"minecraft:boat_one_cm":56531,"minecraft:jump":394,"minecraft:energy":126,"minecraft:walk_on_water_one_cm":13348,"minecraft:strength":6,"minecraft:total_world_time":65573,"minecraft:fall_one_cm":8566},"minecraft:picked_up":{"minecraft:brown_wool":1,"minecraft:gunpowder":1,"cte_essentials:plate_0_helmet":1,"farmersdelight:flint_knife":1,"farmersdelight:tomato":2,"minecraft:bone":1,"farmersdelight:iron_knife":1,"minecraft:acacia_planks":11,"minecraft:dark_oak_sign":2,"minecraft:egg":1,"cte_essentials:plate_0_chestplate":1,"mmorpg:gems/opal/0":1,"mmorpg:skill_gems/support/dex":1,"minecraft:acacia_log":9,"cte_essentials:leather_0_leggings":1,"mmorpg:stat_soul":2,"mmorpg:jewelry/necklace/iron":1,"minecraft:cyan_bed":2,"minecraft:spider_eye":1,"cte_essentials:cloth_0_boots":1,"farmersdelight:cake_slice":2,"minecraft:arrow":74,"minecraft:rotten_flesh":9,"supplementaries:ash":1},"minecraft:killed_by":{"minecraft:husk":2,"minecraft:drowned":1}},"DataVersion":3465}