{
  "mutantmonsters:root": {
    "criteria": {
      "killed_something": "2024-11-08 21:11:28 +0000"
    },
    "done": true
  },
  "mimi:recipes/receiver": {
    "criteria": {
      "has_note": "2024-11-08 21:08:47 +0000"
    },
    "done": true
  },
  "mimi:recipes/bottle": {
    "criteria": {
      "has_note": "2024-11-08 21:08:47 +0000"
    },
    "done": true
  },
  "mimi:recipes/xylophone": {
    "criteria": {
      "has_note": "2024-11-08 21:08:47 +0000"
    },
    "done": true
  },
  "deeperdarker:recipes/transportation/echo_boat": {
    "criteria": {
      "in_water": "2024-11-08 21:12:23 +0000"
    },
    "done": true
  },
  "nethersdelight:recipes/tools/golden_machete": {
    "criteria": {
      "has_gold_ingot": "2024-11-08 21:08:47 +0000"
    },
    "done": true
  },
  "mimi:recipes/marimba": {
    "criteria": {
      "has_note": "2024-11-08 21:08:47 +0000"
    },
    "done": true
  },
  "aquaculture:recipes/aquaculture/heavy_hook": {
    "criteria": {
      "has_items": "2024-11-08 21:08:47 +0000"
    },
    "done": true
  },
  "minecraft:recipes/misc/gold_nugget": {
    "criteria": {
      "has_gold_ingot": "2024-11-08 21:08:47 +0000"
    },
    "done": true
  },
  "lightmanscurrency:recipes/misc/wallet/upgrade_wallet_netherite_to_wallet_nether_star": {
    "criteria": {
      "wallet": "2024-11-08 21:09:05 +0000"
    },
    "done": true
  },
  "minecraft:recipes/tools/golden_shovel": {
    "criteria": {
      "has_gold_ingot": "2024-11-08 21:08:47 +0000"
    },
    "done": true
  },
  "doggytalents:recipes/decorations/bowtie": {
    "criteria": {
      "has_string": "2024-11-08 21:14:51 +0000"
    },
    "done": true
  },
  "aquaculture:recipes/misc/neptunium_ingot_from_neptunium_block": {
    "criteria": {
      "has_items": "2024-11-08 21:08:47 +0000"
    },
    "done": true
  },
  "mimi:recipes/recorder": {
    "criteria": {
      "has_note": "2024-11-08 21:08:47 +0000"
    },
    "done": true
  },
  "minecraft:recipes/food/golden_apple": {
    "criteria": {
      "has_gold_ingot": "2024-11-08 21:08:47 +0000"
    },
    "done": true
  },
  "deeperdarker:recipes/transportation/bloom_boat": {
    "criteria": {
      "in_water": "2024-11-08 21:12:23 +0000"
    },
    "done": true
  },
  "create:root": {
    "criteria": {
      "0": "2024-11-08 21:08:47 +0000"
    },
    "done": true
  },
  "lightmanscurrency:recipes/ticket_machine/ticket_station/golden_ticket_pass": {
    "criteria": {
      "ticket_material": "2024-11-08 21:08:47 +0000"
    },
    "done": true
  },
  "minecraft:recipes/combat/golden_boots": {
    "criteria": {
      "has_gold_ingot": "2024-11-08 21:08:47 +0000"
    },
    "done": true
  },
  "lightmanscurrency:recipes/misc/wallet/upgrade_wallet_iron_to_wallet_netherite": {
    "criteria": {
      "wallet": "2024-11-08 21:09:05 +0000"
    },
    "done": true
  },
  "undergarden:undergarden/root": {
    "criteria": {
      "tick": "2024-11-08 21:04:58 +0000"
    },
    "done": true
  },
  "undergarden:recipes/transportation/grongle_boat": {
    "criteria": {
      "in_water": "2024-11-08 21:12:23 +0000"
    },
    "done": true
  },
  "minecraft:recipes/decorations/crafting_table": {
    "criteria": {
      "unlock_right_away": "2024-11-08 21:04:58 +0000"
    },
    "done": true
  },
  "minecraft:recipes/decorations/chest": {
    "criteria": {
      "has_lots_of_items": "2024-11-08 21:12:06 +0000"
    },
    "done": true
  },
  "minecraft:recipes/transportation/cherry_boat": {
    "criteria": {
      "in_water": "2024-11-08 21:12:23 +0000"
    },
    "done": true
  },
  "domum_ornamentum:recipes/decorations/green_floating_carpet": {
    "criteria": {
      "has_string": "2024-11-08 21:14:51 +0000"
    },
    "done": true
  },
  "minecraft:recipes/combat/golden_chestplate": {
    "criteria": {
      "has_gold_ingot": "2024-11-08 21:08:47 +0000"
    },
    "done": true
  },
  "mimi:recipes/drums": {
    "criteria": {
      "has_note": "2024-11-08 21:08:47 +0000"
    },
    "done": true
  },
  "minecraft:recipes/redstone/tripwire_hook": {
    "criteria": {
      "has_string": "2024-11-08 21:14:51 +0000"
    },
    "done": true
  },
  "domum_ornamentum:recipes/decorations/orange_floating_carpet": {
    "criteria": {
      "has_string": "2024-11-08 21:14:51 +0000"
    },
    "done": true
  },
  "doggytalents:recipes/decorations/wig": {
    "criteria": {
      "has_string": "2024-11-08 21:14:51 +0000"
    },
    "done": true
  },
  "farmersdelight:recipes/combat/golden_knife": {
    "criteria": {
      "has_gold_ingot": "2024-11-08 21:08:47 +0000"
    },
    "done": true
  },
  "minecraft:recipes/decorations/candle": {
    "criteria": {
      "has_string": "2024-11-08 21:14:51 +0000"
    },
    "done": true
  },
  "mimi:recipes/harpsichord": {
    "criteria": {
      "has_note": "2024-11-08 21:08:47 +0000"
    },
    "done": true
  },
  "seadwellers:adv_root": {
    "criteria": {
      "adv_root": "2024-11-08 21:04:58 +0000"
    },
    "done": true
  },
  "mimi:recipes/contrabass": {
    "criteria": {
      "has_note": "2024-11-08 21:08:47 +0000"
    },
    "done": true
  },
  "lightmanscurrency:recipes/misc/wallet/upgrade_wallet_emerald_to_wallet_diamond": {
    "criteria": {
      "wallet": "2024-11-08 21:09:05 +0000"
    },
    "done": true
  },
  "lightmanscurrency:recipes/misc/wallet/upgrade_wallet_copper_to_wallet_emerald": {
    "criteria": {
      "wallet": "2024-11-08 21:09:05 +0000"
    },
    "done": true
  },
  "mimi:recipes/deviceconfig": {
    "criteria": {
      "has_note": "2024-11-08 21:08:47 +0000"
    },
    "done": true
  },
  "doggytalents:recipes/decorations/locator_orb_shin": {
    "criteria": {
      "has_string": "2024-11-08 21:14:51 +0000"
    },
    "done": true
  },
  "lightmanscurrency:recipes/ticket_machine/ticket_station/ticket_pass": {
    "criteria": {
      "ticket_material": "2024-11-08 21:08:47 +0000"
    },
    "done": true
  },
  "lightmanscurrency:recipes/misc/wallet/upgrade_wallet_copper_to_wallet_netherite": {
    "criteria": {
      "wallet": "2024-11-08 21:09:05 +0000"
    },
    "done": true
  },
  "lightmanscurrency:recipes/misc/wallet/upgrade_wallet_iron_to_wallet_nether_star": {
    "criteria": {
      "wallet": "2024-11-08 21:09:05 +0000"
    },
    "done": true
  },
  "lightmanscurrency:recipes/ticket_machine/ticket_station/master_ticket": {
    "criteria": {
      "ticket_material": "2024-11-08 21:08:47 +0000"
    },
    "done": true
  },
  "mimi:recipes/piccolo": {
    "criteria": {
      "has_note": "2024-11-08 21:08:47 +0000"
    },
    "done": true
  },
  "mimi:recipes/tuningtable": {
    "criteria": {
      "has_note": "2024-11-08 21:08:47 +0000"
    },
    "done": true
  },
  "mimi:recipes/clarinet": {
    "criteria": {
      "has_note": "2024-11-08 21:08:47 +0000"
    },
    "done": true
  },
  "mimi:recipes/banjo": {
    "criteria": {
      "has_note": "2024-11-08 21:08:47 +0000"
    },
    "done": true
  },
  "lightmanscurrency:recipes/misc/wallet/wallet_diamond": {
    "criteria": {
      "wallet": "2024-11-08 21:09:05 +0000"
    },
    "done": true
  },
  "lightmanscurrency:recipes/decorations/coin_jar/blue": {
    "criteria": {
      "wallet": "2024-11-08 21:09:05 +0000"
    },
    "done": true
  },
  "crabbersdelight:main/root": {
    "criteria": {
      "seeds": "2024-11-08 21:08:47 +0000"
    },
    "done": true
  },
  "lightmanscurrency:recipes/ticket_machine/ticket_station/golden_master_ticket": {
    "criteria": {
      "ticket_material": "2024-11-08 21:08:47 +0000"
    },
    "done": true
  },
  "lightmanscurrency:recipes/misc/wallet/upgrade_wallet_gold_to_wallet_netherite": {
    "criteria": {
      "wallet": "2024-11-08 21:09:05 +0000"
    },
    "done": true
  },
  "mimi:recipes/ocarina": {
    "criteria": {
      "has_note": "2024-11-08 21:08:47 +0000"
    },
    "done": true
  },
  "mimi:recipes/keyboard": {
    "criteria": {
      "has_note": "2024-11-08 21:08:47 +0000"
    },
    "done": true
  },
  "minecraft:recipes/combat/golden_sword": {
    "criteria": {
      "has_gold_ingot": "2024-11-08 21:08:47 +0000"
    },
    "done": true
  },
  "minecraft:recipes/building_blocks/gold_block": {
    "criteria": {
      "has_gold_ingot": "2024-11-08 21:08:47 +0000"
    },
    "done": true
  },
  "minecraft:recipes/transportation/acacia_boat": {
    "criteria": {
      "in_water": "2024-11-08 21:12:23 +0000"
    },
    "done": true
  },
  "aquaculture:recipes/decorations/acacia_fish_mount": {
    "criteria": {
      "has_items": "2024-11-08 21:08:47 +0000"
    },
    "done": true
  },
  "betterdungeons:root": {
    "criteria": {
      "always": "2024-11-08 21:04:58 +0000"
    },
    "done": true
  },
  "mimi:recipes/piano": {
    "criteria": {
      "has_note": "2024-11-08 21:08:47 +0000"
    },
    "done": true
  },
  "aquaculture:recipes/tools/gold_fillet_knife": {
    "criteria": {
      "has_items": "2024-11-08 21:08:47 +0000"
    },
    "done": true
  },
  "aquaculture:recipes/aquaculture/light_hook": {
    "criteria": {
      "has_items": "2024-11-08 21:08:47 +0000"
    },
    "done": true
  },
  "lightmanscurrency:recipes/misc/wallet/upgrade_wallet_copper_to_wallet_diamond": {
    "criteria": {
      "wallet": "2024-11-08 21:09:05 +0000"
    },
    "done": true
  },
  "domum_ornamentum:recipes/decorations/light_gray_floating_carpet": {
    "criteria": {
      "has_string": "2024-11-08 21:14:51 +0000"
    },
    "done": true
  },
  "minecraft:recipes/transportation/jungle_boat": {
    "criteria": {
      "in_water": "2024-11-08 21:12:23 +0000"
    },
    "done": true
  },
  "supplementaries:recipes/hourglass": {
    "criteria": {
      "has_gold_ingot": "2024-11-08 21:08:47 +0000"
    },
    "done": true
  },
  "mimi:recipes/frenchhorn": {
    "criteria": {
      "has_note": "2024-11-08 21:08:47 +0000"
    },
    "done": true
  },
  "farmersdelight:recipes/cooking/dog_food": {
    "criteria": {
      "has_any_ingredient": "2024-11-08 21:18:02 +0000"
    },
    "done": true
  },
  "lightmanscurrency:recipes/misc/wallet/upgrade_wallet_iron_to_wallet_emerald": {
    "criteria": {
      "wallet": "2024-11-08 21:09:05 +0000"
    },
    "done": true
  },
  "mimi:recipes/flute": {
    "criteria": {
      "has_note": "2024-11-08 21:08:47 +0000"
    },
    "done": true
  },
  "mimi:recipes/guide": {
    "criteria": {
      "has_note": "2024-11-08 21:08:47 +0000"
    },
    "done": true
  },
  "aquaculture:recipes/tools/iron_fishing_rod": {
    "criteria": {
      "has_vanilla_rod": "2024-11-08 21:08:47 +0000"
    },
    "done": true
  },
  "undergarden:recipes/tools/catalyst": {
    "criteria": {
      "has_gold": "2024-11-08 21:08:47 +0000"
    },
    "done": true
  },
  "domum_ornamentum:recipes/decorations/lime_floating_carpet": {
    "criteria": {
      "has_string": "2024-11-08 21:14:51 +0000"
    },
    "done": true
  },
  "minecraft:recipes/combat/bow": {
    "criteria": {
      "has_string": "2024-11-08 21:14:51 +0000"
    },
    "done": true
  },
  "mimi:recipes/woodblock": {
    "criteria": {
      "has_note": "2024-11-08 21:08:47 +0000"
    },
    "done": true
  },
  "mimi:recipes/mechanicalmaestro": {
    "criteria": {
      "has_note": "2024-11-08 21:08:47 +0000"
    },
    "done": true
  },
  "lightmanscurrency:recipes/misc/wallet/upgrade_wallet_copper_to_wallet_iron": {
    "criteria": {
      "wallet": "2024-11-08 21:09:05 +0000"
    },
    "done": true
  },
  "minecraft:recipes/combat/golden_helmet": {
    "criteria": {
      "has_gold_ingot": "2024-11-08 21:08:47 +0000"
    },
    "done": true
  },
  "supplementaries:recipes/gold_trapdoor": {
    "criteria": {
      "has_gold_ingot": "2024-11-08 21:08:47 +0000"
    },
    "done": true
  },
  "solapplepie:recipes/food_book": {
    "criteria": {
      "has_potato": "2024-11-08 21:08:47 +0000",
      "has_book": "2024-11-08 21:08:47 +0000"
    },
    "done": true
  },
  "aquaculture:recipes/decorations/oak_fish_mount": {
    "criteria": {
      "has_items": "2024-11-08 21:08:47 +0000"
    },
    "done": true
  },
  "mimi:recipes/transmitter": {
    "criteria": {
      "has_note": "2024-11-08 21:08:47 +0000"
    },
    "done": true
  },
  "mimi:recipes/synlead": {
    "criteria": {
      "has_note": "2024-11-08 21:08:47 +0000"
    },
    "done": true
  },
  "doggytalents:recipes/decorations/locator_orb_rei": {
    "criteria": {
      "has_string": "2024-11-08 21:14:51 +0000"
    },
    "done": true
  },
  "doggytalents:recipes/tools/magnifying_bone": {
    "criteria": {
      "has_gold_ingot": "2024-11-08 21:08:47 +0000"
    },
    "done": true
  },
  "aquaculture:recipes/aquaculture/double_hook": {
    "criteria": {
      "has_items": "2024-11-08 21:08:47 +0000"
    },
    "done": true
  },
  "lightmanscurrency:recipes/misc/traders/paygate": {
    "criteria": {
      "ticket_material": "2024-11-08 21:08:47 +0000"
    },
    "done": true
  },
  "minecraft:recipes/transportation/spruce_boat": {
    "criteria": {
      "in_water": "2024-11-08 21:12:23 +0000"
    },
    "done": true
  },
  "mimi:recipes/transmitterblock": {
    "criteria": {
      "has_note": "2024-11-08 21:08:47 +0000"
    },
    "done": true
  },
  "betterdeserttemples:root": {
    "criteria": {
      "always": "2024-11-08 21:04:58 +0000"
    },
    "done": true
  },
  "aquaculture:recipes/aquaculture/fishing_line": {
    "criteria": {
      "has_items": "2024-11-08 21:08:47 +0000"
    },
    "done": true
  },
  "aquaculture:recipes/aquaculture/iron_hook": {
    "criteria": {
      "has_items": "2024-11-08 21:08:47 +0000"
    },
    "done": true
  },
  "lightmanscurrency:recipes/ticket_machine/ticket_station/golden_ticket": {
    "criteria": {
      "ticket_material": "2024-11-08 21:08:47 +0000"
    },
    "done": true
  },
  "doggytalents:recipes/tools/empty_locator_orb": {
    "criteria": {
      "has_string": "2024-11-08 21:14:51 +0000"
    },
    "done": true
  },
  "domum_ornamentum:recipes/decorations/pink_floating_carpet": {
    "criteria": {
      "has_string": "2024-11-08 21:14:51 +0000"
    },
    "done": true
  },
  "minecraft:recipes/transportation/mangrove_boat": {
    "criteria": {
      "in_water": "2024-11-08 21:12:23 +0000"
    },
    "done": true
  },
  "aquaculture:recipes/misc/jellyfish_to_slimeball": {
    "criteria": {
      "has_items": "2024-11-08 21:08:47 +0000"
    },
    "done": true
  },
  "lightmanscurrency:recipes/misc/wallet/upgrade_wallet_diamond_to_wallet_netherite": {
    "criteria": {
      "wallet": "2024-11-08 21:09:05 +0000"
    },
    "done": true
  },
  "lightmanscurrency:recipes/misc/wallet/upgrade_wallet_gold_to_wallet_nether_star": {
    "criteria": {
      "wallet": "2024-11-08 21:09:05 +0000"
    },
    "done": true
  },
  "domum_ornamentum:recipes/decorations/light_blue_floating_carpet": {
    "criteria": {
      "has_string": "2024-11-08 21:14:51 +0000"
    },
    "done": true
  },
  "doggytalents:recipes/decorations/tengu_mask": {
    "criteria": {
      "has_string": "2024-11-08 21:14:51 +0000"
    },
    "done": true
  },
  "minecraft:recipes/brewing/fermented_spider_eye": {
    "criteria": {
      "has_spider_eye": "2024-11-08 21:14:51 +0000"
    },
    "done": true
  },
  "dungeons_arise:find_bathhouse": {
    "criteria": {
      "location0": "2024-11-08 21:13:37 +0000"
    },
    "done": true
  },
  "aquaculture:recipes/tools/diamond_fishing_rod": {
    "criteria": {
      "has_vanilla_rod": "2024-11-08 21:08:47 +0000"
    },
    "done": true
  },
  "undergarden:recipes/transportation/smogstem_boat": {
    "criteria": {
      "in_water": "2024-11-08 21:12:23 +0000"
    },
    "done": true
  },
  "lightmanscurrency:recipes/decorations/coin_jar/piggy_bank": {
    "criteria": {
      "wallet": "2024-11-08 21:09:05 +0000"
    },
    "done": true
  },
  "doggytalents:recipes/decorations/kitsune_mask": {
    "criteria": {
      "has_string": "2024-11-08 21:14:51 +0000"
    },
    "done": true
  },
  "mimi:recipes/glockenspiel": {
    "criteria": {
      "has_note": "2024-11-08 21:08:47 +0000"
    },
    "done": true
  },
  "farmersdelight:recipes/building_blocks/organic_compost_from_rotten_flesh": {
    "criteria": {
      "has_rotten_flesh": "2024-11-08 21:18:02 +0000"
    },
    "done": true
  },
  "doggytalents:recipes/decorations/locator_orb_chu": {
    "criteria": {
      "has_string": "2024-11-08 21:14:51 +0000"
    },
    "done": true
  },
  "doggytalents:recipes/decorations/locator_orb_chi": {
    "criteria": {
      "has_string": "2024-11-08 21:14:51 +0000"
    },
    "done": true
  },
  "minecraft:adventure/kill_a_mob": {
    "criteria": {
      "minecraft:zombie": "2024-11-08 21:11:28 +0000"
    },
    "done": true
  },
  "doggytalents:recipes/decorations/locator_orb_tei": {
    "criteria": {
      "has_string": "2024-11-08 21:14:51 +0000"
    },
    "done": true
  },
  "lightmanscurrency:recipes/misc/ticket_station": {
    "criteria": {
      "ticket_material": "2024-11-08 21:08:47 +0000"
    },
    "done": true
  },
  "minecraft:recipes/tools/golden_hoe": {
    "criteria": {
      "has_gold_ingot": "2024-11-08 21:08:47 +0000"
    },
    "done": true
  },
  "minecraft:husbandry/balanced_diet": {
    "criteria": {
      "bread": "2024-11-08 21:12:04 +0000"
    },
    "done": false
  },
  "supplementaries:recipes/gold_door": {
    "criteria": {
      "has_gold_ingot": "2024-11-08 21:08:47 +0000"
    },
    "done": true
  },
  "lightmanscurrency:recipes/misc/wallet/wallet_iron": {
    "criteria": {
      "wallet": "2024-11-08 21:09:05 +0000"
    },
    "done": true
  },
  "doggytalents:recipes/decorations/locator_orb_ko": {
    "criteria": {
      "has_string": "2024-11-08 21:14:51 +0000"
    },
    "done": true
  },
  "mimi:recipes/celesta": {
    "criteria": {
      "has_note": "2024-11-08 21:08:47 +0000"
    },
    "done": true
  },
  "doggytalents:recipes/decorations/locator_orb_gi": {
    "criteria": {
      "has_string": "2024-11-08 21:14:51 +0000"
    },
    "done": true
  },
  "aquaculture:recipes/misc/tin_can_to_iron_nugget": {
    "criteria": {
      "has_items": "2024-11-08 21:08:47 +0000"
    },
    "done": true
  },
  "mimi:recipes/panflute": {
    "criteria": {
      "has_note": "2024-11-08 21:08:47 +0000"
    },
    "done": true
  },
  "minecraft:recipes/transportation/dark_oak_boat": {
    "criteria": {
      "in_water": "2024-11-08 21:12:23 +0000"
    },
    "done": true
  },
  "domum_ornamentum:recipes/decorations/purple_floating_carpet": {
    "criteria": {
      "has_string": "2024-11-08 21:14:51 +0000"
    },
    "done": true
  },
  "sophisticatedbackpacks:recipes/misc/iron_backpack": {
    "criteria": {
      "has_backpack": "2024-11-08 21:14:39 +0000"
    },
    "done": true
  },
  "mimi:recipes/harmonica": {
    "criteria": {
      "has_note": "2024-11-08 21:08:47 +0000"
    },
    "done": true
  },
  "lightmanscurrency:recipes/misc/wallet/upgrade_wallet_iron_to_wallet_diamond": {
    "criteria": {
      "wallet": "2024-11-08 21:09:05 +0000"
    },
    "done": true
  },
  "minecraft:recipes/tools/golden_axe": {
    "criteria": {
      "has_gold_ingot": "2024-11-08 21:08:47 +0000"
    },
    "done": true
  },
  "minecraft:recipes/tools/golden_pickaxe": {
    "criteria": {
      "has_gold_ingot": "2024-11-08 21:08:47 +0000"
    },
    "done": true
  },
  "aquaculture:recipes/decorations/birch_fish_mount": {
    "criteria": {
      "has_items": "2024-11-08 21:08:47 +0000"
    },
    "done": true
  },
  "mimi:recipes/elecguitar": {
    "criteria": {
      "has_note": "2024-11-08 21:08:47 +0000"
    },
    "done": true
  },
  "doggytalents:recipes/decorations/pianist_suit": {
    "criteria": {
      "has_string": "2024-11-08 21:14:51 +0000"
    },
    "done": true
  },
  "lightmanscurrency:recipes/misc/wallet/upgrade_wallet_diamond_to_wallet_nether_star": {
    "criteria": {
      "wallet": "2024-11-08 21:09:05 +0000"
    },
    "done": true
  },
  "domum_ornamentum:recipes/decorations/gray_floating_carpet": {
    "criteria": {
      "has_string": "2024-11-08 21:14:51 +0000"
    },
    "done": true
  },
  "aquaculture:recipes/misc/iron_nugget_from_smelting": {
    "criteria": {
      "has_fishing_rod": "2024-11-08 21:08:47 +0000",
      "has_fillet_knife": "2024-11-08 21:08:47 +0000"
    },
    "done": true
  },
  "repurposed_structures:root": {
    "criteria": {
      "always": "2024-11-08 21:04:58 +0000"
    },
    "done": true
  },
  "aquaculture:recipes/tools/golden_fishing_rod": {
    "criteria": {
      "has_vanilla_rod": "2024-11-08 21:08:47 +0000",
      "has_gold": "2024-11-08 21:08:47 +0000"
    },
    "done": true
  },
  "aquaculture:recipes/misc/gold_nugget_from_smelting": {
    "criteria": {
      "has_fishing_rod": "2024-11-08 21:08:47 +0000",
      "has_fillet_knife": "2024-11-08 21:08:47 +0000"
    },
    "done": true
  },
  "mimi:recipes/harp": {
    "criteria": {
      "has_note": "2024-11-08 21:08:47 +0000"
    },
    "done": true
  },
  "minecraft:adventure/kill_all_mobs": {
    "criteria": {
      "minecraft:spider": "2024-11-08 21:14:25 +0000",
      "minecraft:creeper": "2024-11-08 21:14:27 +0000",
      "minecraft:husk": "2024-11-08 21:15:19 +0000",
      "minecraft:zombie": "2024-11-08 21:11:28 +0000",
      "minecraft:drowned": "2024-11-08 21:12:39 +0000"
    },
    "done": false
  },
  "minecraft:recipes/transportation/bamboo_raft": {
    "criteria": {
      "in_water": "2024-11-08 21:12:23 +0000"
    },
    "done": true
  },
  "supplementaries:recipes/bomb": {
    "criteria": {
      "has_string": "2024-11-08 21:14:51 +0000"
    },
    "done": true
  },
  "aquaculture:recipes/misc/bonemeal_from_fish_bones": {
    "criteria": {
      "has_items": "2024-11-08 21:08:47 +0000"
    },
    "done": true
  },
  "mimi:recipes/tuba": {
    "criteria": {
      "has_note": "2024-11-08 21:08:47 +0000"
    },
    "done": true
  },
  "domum_ornamentum:recipes/decorations/cyan_floating_carpet": {
    "criteria": {
      "has_string": "2024-11-08 21:14:51 +0000"
    },
    "done": true
  },
  "mimi:recipes/cello": {
    "criteria": {
      "has_note": "2024-11-08 21:08:47 +0000"
    },
    "done": true
  },
  "minecraft:recipes/redstone/light_weighted_pressure_plate": {
    "criteria": {
      "has_gold_ingot": "2024-11-08 21:08:47 +0000"
    },
    "done": true
  },
  "mimi:recipes/violin": {
    "criteria": {
      "has_note": "2024-11-08 21:08:47 +0000"
    },
    "done": true
  },
  "mimi:recipes/bassoon": {
    "criteria": {
      "has_note": "2024-11-08 21:08:47 +0000"
    },
    "done": true
  },
  "doggytalents:recipes/decorations/bach_wig": {
    "criteria": {
      "has_string": "2024-11-08 21:14:51 +0000"
    },
    "done": true
  },
  "aquaculture:recipes/misc/brown_mushroom_from_fish": {
    "criteria": {
      "has_items": "2024-11-08 21:08:47 +0000"
    },
    "done": true
  },
  "lootr:social": {
    "criteria": {
      "opened_chest": "2024-11-08 21:08:44 +0000"
    },
    "done": false
  },
  "mimi:recipes/bagpipe": {
    "criteria": {
      "has_note": "2024-11-08 21:08:47 +0000"
    },
    "done": true
  },
  "dungeons_arise:wda_root": {
    "criteria": {
      "WDA": "2024-11-08 21:04:58 +0000"
    },
    "done": true
  },
  "lightmanscurrency:recipes/misc/wallet/wallet_copper": {
    "criteria": {
      "wallet": "2024-11-08 21:09:05 +0000"
    },
    "done": true
  },
  "mimi:recipes/vibraphone": {
    "criteria": {
      "has_note": "2024-11-08 21:08:47 +0000"
    },
    "done": true
  },
  "doggytalents:recipes/decorations/wool_collar": {
    "criteria": {
      "has_string": "2024-11-08 21:14:51 +0000"
    },
    "done": true
  },
  "aquaculture:recipes/misc/neptinium_ingot_from_blasting": {
    "criteria": {
      "has_leggings": "2024-11-08 21:08:47 +0000",
      "has_axe": "2024-11-08 21:08:47 +0000",
      "has_helmet": "2024-11-08 21:08:47 +0000",
      "has_fishing_rod": "2024-11-08 21:08:47 +0000",
      "has_bow": "2024-11-08 21:08:47 +0000",
      "has_chestplate": "2024-11-08 21:08:47 +0000",
      "has_sword": "2024-11-08 21:08:47 +0000",
      "has_fillet_knife": "2024-11-08 21:08:47 +0000",
      "has_shovel": "2024-11-08 21:08:47 +0000",
      "has_hoe": "2024-11-08 21:08:47 +0000",
      "has_boots": "2024-11-08 21:08:47 +0000",
      "has_pickaxe": "2024-11-08 21:08:47 +0000"
    },
    "done": true
  },
  "doggytalents:recipes/misc/gender_bone": {
    "criteria": {
      "has_string": "2024-11-08 21:14:51 +0000"
    },
    "done": true
  },
  "lightmanscurrency:recipes/misc/wallet/upgrade_wallet_gold_to_wallet_diamond": {
    "criteria": {
      "wallet": "2024-11-08 21:09:05 +0000"
    },
    "done": true
  },
  "domum_ornamentum:recipes/decorations/yellow_floating_carpet": {
    "criteria": {
      "has_string": "2024-11-08 21:14:51 +0000"
    },
    "done": true
  },
  "supplementaries:recipes/slingshot": {
    "criteria": {
      "has_string": "2024-11-08 21:14:51 +0000"
    },
    "done": true
  },
  "mimi:recipes/ledcube_a": {
    "criteria": {
      "has_note": "2024-11-08 21:08:47 +0000"
    },
    "done": true
  },
  "mimi:recipes/ledcube_b": {
    "criteria": {
      "has_note": "2024-11-08 21:08:47 +0000"
    },
    "done": true
  },
  "mimi:recipes/ledcube_c": {
    "criteria": {
      "has_note": "2024-11-08 21:08:47 +0000"
    },
    "done": true
  },
  "mimi:recipes/ledcube_d": {
    "criteria": {
      "has_note": "2024-11-08 21:08:47 +0000"
    },
    "done": true
  },
  "mimi:recipes/ledcube_e": {
    "criteria": {
      "has_note": "2024-11-08 21:08:47 +0000"
    },
    "done": true
  },
  "mimi:recipes/ledcube_f": {
    "criteria": {
      "has_note": "2024-11-08 21:08:47 +0000"
    },
    "done": true
  },
  "mimi:recipes/ledcube_g": {
    "criteria": {
      "has_note": "2024-11-08 21:08:47 +0000"
    },
    "done": true
  },
  "mimi:recipes/ledcube_h": {
    "criteria": {
      "has_note": "2024-11-08 21:08:47 +0000"
    },
    "done": true
  },
  "aquaculture:recipes/decorations/dark_oak_fish_mount": {
    "criteria": {
      "has_items": "2024-11-08 21:08:47 +0000"
    },
    "done": true
  },
  "lightmanscurrency:recipes/misc/wallet/wallet_gold": {
    "criteria": {
      "wallet": "2024-11-08 21:09:05 +0000"
    },
    "done": true
  },
  "domum_ornamentum:recipes/decorations/red_floating_carpet": {
    "criteria": {
      "has_string": "2024-11-08 21:14:51 +0000"
    },
    "done": true
  },
  "lightmanscurrency:recipes/misc/wallet/upgrade_wallet_iron_to_wallet_gold": {
    "criteria": {
      "wallet": "2024-11-08 21:09:05 +0000"
    },
    "done": true
  },
  "minecraft:adventure/root": {
    "criteria": {
      "killed_something": "2024-11-08 21:11:28 +0000"
    },
    "done": true
  },
  "domum_ornamentum:recipes/decorations/brown_floating_carpet": {
    "criteria": {
      "has_string": "2024-11-08 21:14:51 +0000"
    },
    "done": true
  },
  "mimi:recipes/steeldrum": {
    "criteria": {
      "has_note": "2024-11-08 21:08:47 +0000"
    },
    "done": true
  },
  "aquaculture:recipes/aquaculture/diamond_hook": {
    "criteria": {
      "has_items": "2024-11-08 21:08:47 +0000"
    },
    "done": true
  },
  "minecraft:recipes/combat/crossbow": {
    "criteria": {
      "has_string": "2024-11-08 21:14:51 +0000"
    },
    "done": true
  },
  "aquaculture:recipes/food/sushi": {
    "criteria": {
      "has_alt_items": "2024-11-08 21:08:47 +0000",
      "has_items": "2024-11-08 21:08:47 +0000"
    },
    "done": true
  },
  "mimi:recipes/trumpet": {
    "criteria": {
      "has_note": "2024-11-08 21:08:47 +0000"
    },
    "done": true
  },
  "mimi:recipes/acguitar": {
    "criteria": {
      "has_note": "2024-11-08 21:08:47 +0000"
    },
    "done": true
  },
  "mimi:recipes/kalimba": {
    "criteria": {
      "has_note": "2024-11-08 21:08:47 +0000"
    },
    "done": true
  },
  "lightmanscurrency:recipes/misc/wallet/wallet_netherite": {
    "criteria": {
      "wallet": "2024-11-08 21:09:05 +0000"
    },
    "done": true
  },
  "domum_ornamentum:recipes/decorations/black_floating_carpet": {
    "criteria": {
      "has_string": "2024-11-08 21:14:51 +0000"
    },
    "done": true
  },
  "aquaculture:recipes/misc/red_mushroom_from_fish": {
    "criteria": {
      "has_items": "2024-11-08 21:08:47 +0000"
    },
    "done": true
  },
  "lightmanscurrency:recipes/misc/wallet/upgrade_wallet_copper_to_wallet_gold": {
    "criteria": {
      "wallet": "2024-11-08 21:09:05 +0000"
    },
    "done": true
  },
  "aquaculture:recipes/building_blocks/planks_from_driftwood": {
    "criteria": {
      "has_items": "2024-11-08 21:08:47 +0000"
    },
    "done": true
  },
  "supplementaries:recipes/sack": {
    "criteria": {
      "has_string": "2024-11-08 21:14:51 +0000"
    },
    "done": true
  },
  "mimi:recipes/listener": {
    "criteria": {
      "has_note": "2024-11-08 21:08:47 +0000"
    },
    "done": true
  },
  "mimi:recipes/musicbox": {
    "criteria": {
      "has_note": "2024-11-08 21:08:47 +0000"
    },
    "done": true
  },
  "doggytalents:recipes/decorations/locator_orb_dyable": {
    "criteria": {
      "has_string": "2024-11-08 21:14:51 +0000"
    },
    "done": true
  },
  "lootr:1chest": {
    "criteria": {
      "opened_chest": "2024-11-08 21:08:44 +0000"
    },
    "done": true
  },
  "aquaculture:recipes/aquaculture/worm_farm": {
    "criteria": {
      "has_items": "2024-11-08 21:08:47 +0000"
    },
    "done": true
  },
  "doggytalents:recipes/tools/shrinking_mallet": {
    "criteria": {
      "has_gold_ingot": "2024-11-08 21:08:47 +0000"
    },
    "done": true
  },
  "mimi:recipes/saxophone": {
    "criteria": {
      "has_note": "2024-11-08 21:08:47 +0000"
    },
    "done": true
  },
  "mimi:recipes/timpani": {
    "criteria": {
      "has_note": "2024-11-08 21:08:47 +0000"
    },
    "done": true
  },
  "mimi:recipes/ledcube_a_def": {
    "criteria": {
      "has_note": "2024-11-08 21:08:47 +0000"
    },
    "done": true
  },
  "aquaculture:recipes/aquaculture/note_hook": {
    "criteria": {
      "has_items": "2024-11-08 21:08:47 +0000"
    },
    "done": true
  },
  "aquaculture:recipes/food/cooked_fish_fillet_from_campfire": {
    "criteria": {
      "has_items": "2024-11-08 21:08:47 +0000"
    },
    "done": true
  },
  "domum_ornamentum:recipes/decorations/white_floating_carpet": {
    "criteria": {
      "has_string": "2024-11-08 21:14:51 +0000"
    },
    "done": true
  },
  "mimi:recipes/prophet": {
    "criteria": {
      "has_note": "2024-11-08 21:08:47 +0000"
    },
    "done": true
  },
  "mimi:recipes/viola": {
    "criteria": {
      "has_note": "2024-11-08 21:08:47 +0000"
    },
    "done": true
  },
  "aquaculture:recipes/aquaculture/gold_hook": {
    "criteria": {
      "has_items": "2024-11-08 21:08:47 +0000"
    },
    "done": true
  },
  "mcwlights:recipes/gold_stuff": {
    "criteria": {
      "has_wood": "2024-11-08 21:08:47 +0000"
    },
    "done": true
  },
  "doggytalents:recipes/decorations/guard_suit": {
    "criteria": {
      "has_string": "2024-11-08 21:14:51 +0000"
    },
    "done": true
  },
  "minecraft:recipes/tools/fishing_rod": {
    "criteria": {
      "has_string": "2024-11-08 21:14:51 +0000"
    },
    "done": true
  },
  "aquaculture:recipes/decorations/spruce_fish_mount": {
    "criteria": {
      "has_items": "2024-11-08 21:08:47 +0000"
    },
    "done": true
  },
  "lootr:root": {
    "criteria": {
      "always_true": "2024-11-08 21:04:58 +0000"
    },
    "done": true
  },
  "doggytalents:recipes/decorations/wool_collar_thicc": {
    "criteria": {
      "has_string": "2024-11-08 21:14:51 +0000"
    },
    "done": true
  },
  "doggytalents:recipes/tools/canine_tracker": {
    "criteria": {
      "has_gold_ingot": "2024-11-08 21:08:47 +0000"
    },
    "done": true
  },
  "lightmanscurrency:currency/wallet_crafting": {
    "criteria": {
      "wallet": "2024-11-08 21:09:05 +0000"
    },
    "done": true
  },
  "mimi:recipes/bassguitar": {
    "criteria": {
      "has_note": "2024-11-08 21:08:47 +0000"
    },
    "done": true
  },
  "minecraft:husbandry/root": {
    "criteria": {
      "consumed_item": "2024-11-08 21:12:04 +0000"
    },
    "done": true
  },
  "minecraft:recipes/transportation/birch_boat": {
    "criteria": {
      "in_water": "2024-11-08 21:12:23 +0000"
    },
    "done": true
  },
  "minecraft:recipes/transportation/oak_boat": {
    "criteria": {
      "in_water": "2024-11-08 21:12:23 +0000"
    },
    "done": true
  },
  "aquaculture:recipes/misc/tin_can_to_iron_nugget_from_blasting": {
    "criteria": {
      "has_items": "2024-11-08 21:08:47 +0000"
    },
    "done": true
  },
  "mimi:recipes/relay": {
    "criteria": {
      "has_note": "2024-11-08 21:08:47 +0000"
    },
    "done": true
  },
  "undergarden:recipes/transportation/wigglewood_boat": {
    "criteria": {
      "in_water": "2024-11-08 21:12:23 +0000"
    },
    "done": true
  },
  "lightmanscurrency:recipes/misc/wallet/upgrade_wallet_gold_to_wallet_emerald": {
    "criteria": {
      "wallet": "2024-11-08 21:09:05 +0000"
    },
    "done": true
  },
  "mimi:recipes/microphone": {
    "criteria": {
      "has_note": "2024-11-08 21:08:47 +0000"
    },
    "done": true
  },
  "mimi:recipes/organ": {
    "criteria": {
      "has_note": "2024-11-08 21:08:47 +0000"
    },
    "done": true
  },
  "aquaculture:recipes/aquaculture/redstone_hook": {
    "criteria": {
      "has_items": "2024-11-08 21:08:47 +0000"
    },
    "done": true
  },
  "lightmanscurrency:recipes/misc/wallet/wallet_emerald": {
    "criteria": {
      "wallet": "2024-11-08 21:09:05 +0000"
    },
    "done": true
  },
  "supplementaries:recipes/key": {
    "criteria": {
      "has_gold_ingot": "2024-11-08 21:08:47 +0000"
    },
    "done": true
  },
  "aquaculture:recipes/misc/gold_nugget_from_blasting": {
    "criteria": {
      "has_fishing_rod": "2024-11-08 21:08:47 +0000",
      "has_fillet_knife": "2024-11-08 21:08:47 +0000"
    },
    "done": true
  },
  "aquaculture:recipes/aquaculture/bobber": {
    "criteria": {
      "has_items": "2024-11-08 21:08:47 +0000"
    },
    "done": true
  },
  "aquaculture:recipes/misc/gold_nugget_from_gold_fish": {
    "criteria": {
      "has_items": "2024-11-08 21:08:47 +0000"
    },
    "done": true
  },
  "mimi:recipes/effectemitter": {
    "criteria": {
      "has_note": "2024-11-08 21:08:47 +0000"
    },
    "done": true
  },
  "aquaculture:recipes/food/cooked_fish_fillet_from_smoking": {
    "criteria": {
      "has_items": "2024-11-08 21:08:47 +0000"
    },
    "done": true
  },
  "lightmanscurrency:recipes/misc/wallet/upgrade_wallet_copper_to_wallet_nether_star": {
    "criteria": {
      "wallet": "2024-11-08 21:09:05 +0000"
    },
    "done": true
  },
  "doggytalents:recipes/decorations/locator_orb_jin": {
    "criteria": {
      "has_string": "2024-11-08 21:14:51 +0000"
    },
    "done": true
  },
  "mimi:recipes/oboe": {
    "criteria": {
      "has_note": "2024-11-08 21:08:47 +0000"
    },
    "done": true
  },
  "farmersdelight:main/root": {
    "criteria": {
      "seeds": "2024-11-08 21:08:47 +0000"
    },
    "done": true
  },
  "mimi:recipes/accordion": {
    "criteria": {
      "has_note": "2024-11-08 21:08:47 +0000"
    },
    "done": true
  },
  "aquaculture:recipes/food/cooked_fish_fillet": {
    "criteria": {
      "has_items": "2024-11-08 21:08:47 +0000"
    },
    "done": true
  },
  "lightmanscurrency:recipes/misc/coinmint": {
    "criteria": {
      "material": "2024-11-08 21:08:47 +0000"
    },
    "done": true
  },
  "lightmanscurrency:recipes/misc/wallet/upgrade_wallet_emerald_to_wallet_nether_star": {
    "criteria": {
      "wallet": "2024-11-08 21:09:05 +0000"
    },
    "done": true
  },
  "sophisticatedbackpacks:recipes/misc/copper_backpack": {
    "criteria": {
      "has_backpack": "2024-11-08 21:14:39 +0000"
    },
    "done": true
  },
  "lightmanscurrency:recipes/ticket_machine/ticket_station/ticket": {
    "criteria": {
      "ticket_material": "2024-11-08 21:08:47 +0000"
    },
    "done": true
  },
  "mimi:recipes/handbell": {
    "criteria": {
      "has_note": "2024-11-08 21:08:47 +0000"
    },
    "done": true
  },
  "mimi:recipes/trombone": {
    "criteria": {
      "has_note": "2024-11-08 21:08:47 +0000"
    },
    "done": true
  },
  "lightmanscurrency:recipes/misc/wallet/upgrade_wallet_emerald_to_wallet_netherite": {
    "criteria": {
      "wallet": "2024-11-08 21:09:05 +0000"
    },
    "done": true
  },
  "minecraft:recipes/building_blocks/white_wool_from_string": {
    "criteria": {
      "has_string": "2024-11-08 21:14:51 +0000"
    },
    "done": true
  },
  "domum_ornamentum:recipes/decorations/blue_floating_carpet": {
    "criteria": {
      "has_string": "2024-11-08 21:14:51 +0000"
    },
    "done": true
  },
  "minecraft:adventure/adventuring_time": {
    "criteria": {
      "minecraft:river": "2024-11-08 21:12:28 +0000",
      "minecraft:savanna": "2024-11-08 21:12:27 +0000",
      "minecraft:plains": "2024-11-08 21:04:59 +0000"
    },
    "done": false
  },
  "aquaculture:recipes/misc/neptunium_ingot_from_nuggets": {
    "criteria": {
      "has_items": "2024-11-08 21:08:47 +0000"
    },
    "done": true
  },
  "mimi:recipes/edrums": {
    "criteria": {
      "has_note": "2024-11-08 21:08:47 +0000"
    },
    "done": true
  },
  "aquaculture:recipes/misc/iron_nugget_from_blasting": {
    "criteria": {
      "has_fishing_rod": "2024-11-08 21:08:47 +0000",
      "has_fillet_knife": "2024-11-08 21:08:47 +0000"
    },
    "done": true
  },
  "minecraft:recipes/decorations/loom": {
    "criteria": {
      "has_string": "2024-11-08 21:14:51 +0000"
    },
    "done": true
  },
  "lightmanscurrency:recipes/misc/wallet/wallet_nether_star": {
    "criteria": {
      "wallet": "2024-11-08 21:09:05 +0000"
    },
    "done": true
  },
  "domum_ornamentum:recipes/decorations/magenta_floating_carpet": {
    "criteria": {
      "has_string": "2024-11-08 21:14:51 +0000"
    },
    "done": true
  },
  "mimi:recipes/tubularbells": {
    "criteria": {
      "has_note": "2024-11-08 21:08:47 +0000"
    },
    "done": true
  },
  "aquaculture:recipes/decorations/jungle_fish_mount": {
    "criteria": {
      "has_items": "2024-11-08 21:08:47 +0000"
    },
    "done": true
  },
  "minecraft:recipes/combat/golden_leggings": {
    "criteria": {
      "has_gold_ingot": "2024-11-08 21:08:47 +0000"
    },
    "done": true
  },
  "DataVersion": 3465
}