{
  "minecraft:recipes/decorations/ladder": {
    "criteria": {
      "has_stick": "2024-11-08 21:33:48 +0000"
    },
    "done": true
  },
  "mutantmonsters:root": {
    "criteria": {
      "killed_something": "2024-11-08 21:12:11 +0000"
    },
    "done": true
  },
  "mimi:recipes/receiver": {
    "criteria": {
      "has_note": "2024-11-08 21:07:14 +0000"
    },
    "done": true
  },
  "mimi:recipes/bottle": {
    "criteria": {
      "has_note": "2024-11-08 21:07:14 +0000"
    },
    "done": true
  },
  "supplementaries:recipes/decorations/sign_post_acacia": {
    "criteria": {
      "has_planks": "2024-11-08 21:57:25 +0000"
    },
    "done": true
  },
  "mimi:recipes/xylophone": {
    "criteria": {
      "has_note": "2024-11-08 21:07:14 +0000"
    },
    "done": true
  },
  "handcrafted:recipes/misc/acacia_table": {
    "criteria": {
      "has_acacia_table": "2024-11-08 21:57:25 +0000"
    },
    "done": true
  },
  "deeperdarker:recipes/transportation/echo_boat": {
    "criteria": {
      "in_water": "2024-11-08 21:08:54 +0000"
    },
    "done": true
  },
  "nethersdelight:recipes/tools/golden_machete": {
    "criteria": {
      "has_gold_ingot": "2024-11-08 21:23:16 +0000"
    },
    "done": true
  },
  "paraglider:root": {
    "criteria": {
      "crafting_table": "2024-11-08 21:52:06 +0000"
    },
    "done": true
  },
  "mcwbridges:recipes/acacia_log_bridge_middle": {
    "criteria": {
      "has_planks": "2024-11-08 21:57:25 +0000"
    },
    "done": true
  },
  "mimi:recipes/marimba": {
    "criteria": {
      "has_note": "2024-11-08 21:07:14 +0000"
    },
    "done": true
  },
  "aquaculture:recipes/aquaculture/heavy_hook": {
    "criteria": {
      "has_items": "2024-11-08 21:07:14 +0000"
    },
    "done": true
  },
  "sophisticatedstorage:recipes/misc/acacia_barrel": {
    "criteria": {
      "has_acacia_plank": "2024-11-08 21:57:25 +0000"
    },
    "done": true
  },
  "minecraft:recipes/combat/diamond_sword": {
    "criteria": {
      "has_diamond": "2024-11-08 21:31:06 +0000"
    },
    "done": true
  },
  "minecraft:recipes/decorations/jukebox": {
    "criteria": {
      "has_diamond": "2024-11-08 21:31:06 +0000"
    },
    "done": true
  },
  "doggytalents:recipes/combat/sussy_sickle": {
    "criteria": {
      "has_iron_ingot": "2024-11-08 21:21:19 +0000"
    },
    "done": true
  },
  "minecraft:recipes/misc/gold_nugget": {
    "criteria": {
      "has_gold_ingot": "2024-11-08 21:23:16 +0000"
    },
    "done": true
  },
  "supplementaries:recipes/flags/flag_magenta": {
    "criteria": {
      "has_stick": "2024-11-08 21:33:48 +0000"
    },
    "done": true
  },
  "minecraft:recipes/combat/iron_helmet": {
    "criteria": {
      "has_iron_ingot": "2024-11-08 21:21:19 +0000"
    },
    "done": true
  },
  "minecraft:recipes/tools/golden_shovel": {
    "criteria": {
      "has_gold_ingot": "2024-11-08 21:23:16 +0000"
    },
    "done": true
  },
  "aquaculture:recipes/misc/neptunium_ingot_from_neptunium_block": {
    "criteria": {
      "has_items": "2024-11-08 21:07:14 +0000"
    },
    "done": true
  },
  "mimi:recipes/recorder": {
    "criteria": {
      "has_note": "2024-11-08 21:07:14 +0000"
    },
    "done": true
  },
  "minecraft:recipes/food/golden_apple": {
    "criteria": {
      "has_gold_ingot": "2024-11-08 21:23:16 +0000"
    },
    "done": true
  },
  "doggytalents:recipes/decorations/witch_hat": {
    "criteria": {
      "has_potion": "2024-11-08 21:18:14 +0000"
    },
    "done": true
  },
  "doggytalents:recipes/decorations/sunglasses": {
    "criteria": {
      "has_stick": "2024-11-08 21:33:48 +0000"
    },
    "done": true
  },
  "deeperdarker:recipes/transportation/bloom_boat": {
    "criteria": {
      "in_water": "2024-11-08 21:08:54 +0000"
    },
    "done": true
  },
  "create:root": {
    "criteria": {
      "0": "2024-11-08 21:07:14 +0000"
    },
    "done": true
  },
  "lightmanscurrency:recipes/ticket_machine/ticket_station/golden_ticket_pass": {
    "criteria": {
      "ticket_material": "2024-11-08 21:23:16 +0000"
    },
    "done": true
  },
  "handcrafted:recipes/misc/hammer": {
    "criteria": {
      "has_hammer": "2024-11-08 21:21:19 +0000"
    },
    "done": true
  },
  "minecraft:recipes/combat/golden_boots": {
    "criteria": {
      "has_gold_ingot": "2024-11-08 21:23:16 +0000"
    },
    "done": true
  },
  "minecraft:recipes/tools/wooden_axe": {
    "criteria": {
      "has_stick": "2024-11-08 21:33:48 +0000"
    },
    "done": true
  },
  "undergarden:undergarden/root": {
    "criteria": {
      "tick": "2024-11-08 21:06:05 +0000"
    },
    "done": true
  },
  "doggytalents:recipes/tools/whistle": {
    "criteria": {
      "has_iron_ingot": "2024-11-08 21:21:19 +0000"
    },
    "done": true
  },
  "farmersdelight:recipes/cooking/chicken_soup": {
    "criteria": {
      "has_any_ingredient": "2024-11-08 21:18:09 +0000"
    },
    "done": true
  },
  "create:recipes/building_blocks/crafting/kinetics/blue_seat": {
    "criteria": {
      "has_wool": "2024-11-08 21:19:22 +0000"
    },
    "done": true
  },
  "doggytalents:recipes/decorations/giant_stick": {
    "criteria": {
      "has_stick": "2024-11-08 21:33:48 +0000"
    },
    "done": true
  },
  "undergarden:recipes/transportation/grongle_boat": {
    "criteria": {
      "in_water": "2024-11-08 21:08:54 +0000"
    },
    "done": true
  },
  "supplementaries:recipes/candle_holders/candle_holder_gray": {
    "criteria": {
      "has_iron_ingot": "2024-11-08 21:21:19 +0000"
    },
    "done": true
  },
  "minecraft:recipes/decorations/crafting_table": {
    "criteria": {
      "unlock_right_away": "2024-11-08 21:06:05 +0000"
    },
    "done": true
  },
  "minecraft:recipes/decorations/chest": {
    "criteria": {
      "has_lots_of_items": "2024-11-08 21:12:56 +0000"
    },
    "done": true
  },
  "minecraft:recipes/misc/stick": {
    "criteria": {
      "has_planks": "2024-11-08 21:57:25 +0000"
    },
    "done": true
  },
  "doggytalents:recipes/decorations/propeller_hat": {
    "criteria": {
      "has_iron_ingot": "2024-11-08 21:21:19 +0000"
    },
    "done": true
  },
  "handcrafted:recipes/misc/acacia_cupboard": {
    "criteria": {
      "has_acacia_cupboard": "2024-11-08 21:57:25 +0000"
    },
    "done": true
  },
  "xercapaint:recipes/item_easel": {
    "criteria": {
      "has_item": "2024-11-08 21:33:48 +0000"
    },
    "done": true
  },
  "minecraft:recipes/transportation/cherry_boat": {
    "criteria": {
      "in_water": "2024-11-08 21:08:54 +0000"
    },
    "done": true
  },
  "minecraft:recipes/tools/diamond_pickaxe": {
    "criteria": {
      "has_diamond": "2024-11-08 21:31:06 +0000"
    },
    "done": true
  },
  "create:recipes/building_blocks/crafting/kinetics/light_blue_seat": {
    "criteria": {
      "has_wool": "2024-11-08 21:19:22 +0000"
    },
    "done": true
  },
  "minecraft:recipes/combat/golden_chestplate": {
    "criteria": {
      "has_gold_ingot": "2024-11-08 21:23:16 +0000"
    },
    "done": true
  },
  "mimi:recipes/drums": {
    "criteria": {
      "has_note": "2024-11-08 21:07:14 +0000"
    },
    "done": true
  },
  "comforts:sleeping_bag_brown": {
    "criteria": {
      "has_brown_wool": "2024-11-08 21:19:22 +0000"
    },
    "done": true
  },
  "supplementaries:recipes/candle_holders/candle_holder_light_gray": {
    "criteria": {
      "has_iron_ingot": "2024-11-08 21:21:19 +0000"
    },
    "done": true
  },
  "handcrafted:recipes/misc/acacia_desk": {
    "criteria": {
      "has_acacia_desk": "2024-11-08 21:57:25 +0000"
    },
    "done": true
  },
  "minecraft:recipes/building_blocks/acacia_stairs": {
    "criteria": {
      "has_planks": "2024-11-08 21:57:25 +0000"
    },
    "done": true
  },
  "create:recipes/misc/crafting/materials/andesite_alloy": {
    "criteria": {
      "has_item": "2024-11-08 21:21:19 +0000"
    },
    "done": true
  },
  "farmersdelight:recipes/cooking/baked_cod_stew": {
    "criteria": {
      "has_any_ingredient": "2024-11-08 21:33:08 +0000"
    },
    "done": true
  },
  "farmersdelight:recipes/combat/golden_knife": {
    "criteria": {
      "has_gold_ingot": "2024-11-08 21:23:16 +0000"
    },
    "done": true
  },
  "mcwbridges:recipes/acacia_rail_bridge": {
    "criteria": {
      "has_planks": "2024-11-08 21:57:25 +0000"
    },
    "done": true
  },
  "mimi:recipes/harpsichord": {
    "criteria": {
      "has_note": "2024-11-08 21:07:14 +0000"
    },
    "done": true
  },
  "seadwellers:adv_root": {
    "criteria": {
      "adv_root": "2024-11-08 21:06:05 +0000"
    },
    "done": true
  },
  "farmersdelight:recipes/cooking/apple_cider": {
    "criteria": {
      "has_apple": "2024-11-08 21:22:43 +0000"
    },
    "done": true
  },
  "minecolonies:recipes/misc/chainmailleggings": {
    "criteria": {
      "has_iron": "2024-11-08 21:21:19 +0000"
    },
    "done": true
  },
  "minecraft:recipes/tools/diamond_hoe": {
    "criteria": {
      "has_diamond": "2024-11-08 21:31:06 +0000"
    },
    "done": true
  },
  "mimi:recipes/contrabass": {
    "criteria": {
      "has_note": "2024-11-08 21:07:14 +0000"
    },
    "done": true
  },
  "mcwbridges:recipes/iron_bridge_pier": {
    "criteria": {
      "has_planks": "2024-11-08 21:21:19 +0000"
    },
    "done": true
  },
  "mimi:recipes/deviceconfig": {
    "criteria": {
      "has_note": "2024-11-08 21:07:14 +0000"
    },
    "done": true
  },
  "handcrafted:recipes/misc/acacia_fancy_bed": {
    "criteria": {
      "has_acacia_fancy_bed": "2024-11-08 21:57:25 +0000"
    },
    "done": true
  },
  "lightmanscurrency:recipes/ticket_machine/ticket_station/ticket_pass": {
    "criteria": {
      "ticket_material": "2024-11-08 21:23:16 +0000"
    },
    "done": true
  },
  "bosses_of_mass_destruction:recipes/void_lily": {
    "criteria": {
      "has_amethyst_shard": "2024-11-08 21:22:43 +0000"
    },
    "done": true
  },
  "betterarcheology:recipes/recipe_iron_brush": {
    "criteria": {
      "has_item": "2024-11-08 21:21:19 +0000"
    },
    "done": true
  },
  "supplementaries:recipes/daub_cross_brace": {
    "criteria": {
      "forge:rods/wooden": "2024-11-08 21:33:48 +0000"
    },
    "done": true
  },
  "handcrafted:recipes/misc/acacia_dining_bench": {
    "criteria": {
      "has_acacia_dining_bench": "2024-11-08 21:57:25 +0000"
    },
    "done": true
  },
  "handcrafted:recipes/misc/bear_trophy": {
    "criteria": {
      "has_bear_trophy": "2024-11-08 21:57:25 +0000"
    },
    "done": true
  },
  "chimes:recipes/decorations/iron_chimes": {
    "criteria": {
      "has_wood_slabs": "2024-11-08 21:21:19 +0000"
    },
    "done": true
  },
  "lightmanscurrency:recipes/ticket_machine/ticket_station/master_ticket": {
    "criteria": {
      "ticket_material": "2024-11-08 21:23:16 +0000"
    },
    "done": true
  },
  "mimi:recipes/piccolo": {
    "criteria": {
      "has_note": "2024-11-08 21:07:14 +0000"
    },
    "done": true
  },
  "minecraft:recipes/redstone/hopper": {
    "criteria": {
      "has_iron_ingot": "2024-11-08 21:21:19 +0000"
    },
    "done": true
  },
  "doggytalents:recipes/decorations/baker_hat": {
    "criteria": {
      "has_bread": "2024-11-08 21:08:33 +0000"
    },
    "done": true
  },
  "minecraft:recipes/redstone/calibrated_sculk_sensor": {
    "criteria": {
      "has_amethyst_shard": "2024-11-08 21:22:43 +0000"
    },
    "done": true
  },
  "minecraft:recipes/building_blocks/tinted_glass": {
    "criteria": {
      "has_amethyst_shard": "2024-11-08 21:22:43 +0000"
    },
    "done": true
  },
  "mimi:recipes/tuningtable": {
    "criteria": {
      "has_note": "2024-11-08 21:07:14 +0000"
    },
    "done": true
  },
  "mimi:recipes/clarinet": {
    "criteria": {
      "has_note": "2024-11-08 21:07:14 +0000"
    },
    "done": true
  },
  "supplementaries:recipes/candle_holders/candle_holder_orange": {
    "criteria": {
      "has_iron_ingot": "2024-11-08 21:21:19 +0000"
    },
    "done": true
  },
  "mimi:recipes/banjo": {
    "criteria": {
      "has_note": "2024-11-08 21:07:14 +0000"
    },
    "done": true
  },
  "minecraft:recipes/combat/iron_boots": {
    "criteria": {
      "has_iron_ingot": "2024-11-08 21:21:19 +0000"
    },
    "done": true
  },
  "create:recipes/building_blocks/acacia_window": {
    "criteria": {
      "has_ingredient": "2024-11-08 21:57:25 +0000"
    },
    "done": true
  },
  "minecraft:recipes/decorations/acacia_sign": {
    "criteria": {
      "has_planks": "2024-11-08 21:57:25 +0000"
    },
    "done": true
  },
  "crabbersdelight:main/root": {
    "criteria": {
      "seeds": "2024-11-08 21:07:14 +0000"
    },
    "done": true
  },
  "minecraft:recipes/decorations/campfire": {
    "criteria": {
      "has_coal": "2024-11-08 21:21:07 +0000"
    },
    "done": true
  },
  "supplementaries:recipes/candle_holders/candle_holder_red": {
    "criteria": {
      "has_iron_ingot": "2024-11-08 21:21:19 +0000"
    },
    "done": true
  },
  "sophisticatedstorage:recipes/misc/acacia_limited_barrel_4": {
    "criteria": {
      "has_acacia_plank": "2024-11-08 21:57:25 +0000"
    },
    "done": true
  },
  "sophisticatedstorage:recipes/misc/acacia_limited_barrel_3": {
    "criteria": {
      "has_acacia_plank": "2024-11-08 21:57:25 +0000"
    },
    "done": true
  },
  "constructionwand:recipes/tools/diamond_wand": {
    "criteria": {
      "has_item": "2024-11-08 21:31:06 +0000"
    },
    "done": true
  },
  "supplementaries:recipes/bubble_blower": {
    "criteria": {
      "has_iron_ingot": "2024-11-08 21:21:19 +0000"
    },
    "done": true
  },
  "sophisticatedstorage:recipes/misc/acacia_limited_barrel_2": {
    "criteria": {
      "has_acacia_plank": "2024-11-08 21:57:25 +0000"
    },
    "done": true
  },
  "sophisticatedstorage:recipes/misc/acacia_limited_barrel_1": {
    "criteria": {
      "has_acacia_plank": "2024-11-08 21:57:25 +0000"
    },
    "done": true
  },
  "lightmanscurrency:recipes/ticket_machine/ticket_station/golden_master_ticket": {
    "criteria": {
      "ticket_material": "2024-11-08 21:23:16 +0000"
    },
    "done": true
  },
  "lootr:1barrel": {
    "criteria": {
      "opened_barrel": "2024-11-08 21:18:08 +0000"
    },
    "done": true
  },
  "supplementaries:recipes/timber_brace": {
    "criteria": {
      "forge:rods/wooden": "2024-11-08 21:33:48 +0000"
    },
    "done": true
  },
  "mimi:recipes/ocarina": {
    "criteria": {
      "has_note": "2024-11-08 21:07:14 +0000"
    },
    "done": true
  },
  "handcrafted:recipes/misc/goat_trophy": {
    "criteria": {
      "has_goat_trophy": "2024-11-08 21:57:25 +0000"
    },
    "done": true
  },
  "supplementaries:recipes/turn_table": {
    "criteria": {
      "minecraft:planks": "2024-11-08 21:57:25 +0000"
    },
    "done": true
  },
  "mimi:recipes/keyboard": {
    "criteria": {
      "has_note": "2024-11-08 21:07:14 +0000"
    },
    "done": true
  },
  "minecraft:recipes/combat/golden_sword": {
    "criteria": {
      "has_gold_ingot": "2024-11-08 21:23:16 +0000"
    },
    "done": true
  },
  "minecraft:recipes/redstone/dispenser": {
    "criteria": {
      "has_bow": "2024-11-08 21:16:47 +0000"
    },
    "done": true
  },
  "mcwbridges:recipes/iron_bridge": {
    "criteria": {
      "has_planks": "2024-11-08 21:21:19 +0000"
    },
    "done": true
  },
  "minecraft:recipes/building_blocks/gold_block": {
    "criteria": {
      "has_gold_ingot": "2024-11-08 21:23:16 +0000"
    },
    "done": true
  },
  "paraglider:recipes/misc/paraglider": {
    "criteria": {
      "has_stick": "2024-11-08 21:33:48 +0000"
    },
    "done": true
  },
  "minecraft:recipes/transportation/acacia_boat": {
    "criteria": {
      "in_water": "2024-11-08 21:08:54 +0000"
    },
    "done": true
  },
  "minecraft:recipes/redstone/iron_trapdoor": {
    "criteria": {
      "has_iron_ingot": "2024-11-08 21:21:19 +0000"
    },
    "done": true
  },
  "aquaculture:recipes/decorations/acacia_fish_mount": {
    "criteria": {
      "has_items": "2024-11-08 21:07:14 +0000"
    },
    "done": true
  },
  "supplementaries:recipes/flags/flag_black": {
    "criteria": {
      "has_stick": "2024-11-08 21:33:48 +0000"
    },
    "done": true
  },
  "minecraft:recipes/building_blocks/acacia_wood": {
    "criteria": {
      "has_log": "2024-11-08 21:50:14 +0000"
    },
    "done": true
  },
  "minecraft:recipes/combat/wooden_sword": {
    "criteria": {
      "has_stick": "2024-11-08 21:33:48 +0000"
    },
    "done": true
  },
  "doggytalents:recipes/decorations/hot_dog": {
    "criteria": {
      "has_bread": "2024-11-08 21:08:33 +0000"
    },
    "done": true
  },
  "betterdungeons:root": {
    "criteria": {
      "always": "2024-11-08 21:06:05 +0000"
    },
    "done": true
  },
  "supplementaries:recipes/flags/flag_green": {
    "criteria": {
      "has_stick": "2024-11-08 21:33:48 +0000"
    },
    "done": true
  },
  "minecraft:recipes/building_blocks/diamond_block": {
    "criteria": {
      "has_diamond": "2024-11-08 21:31:06 +0000"
    },
    "done": true
  },
  "mimi:recipes/piano": {
    "criteria": {
      "has_note": "2024-11-08 21:07:14 +0000"
    },
    "done": true
  },
  "minecraft:recipes/misc/firework_rocket_simple": {
    "criteria": {
      "has_gunpowder": "2024-11-08 21:14:33 +0000"
    },
    "done": true
  },
  "aquaculture:recipes/tools/gold_fillet_knife": {
    "criteria": {
      "has_items": "2024-11-08 21:23:16 +0000"
    },
    "done": true
  },
  "farmersdelight:recipes/combat/iron_knife": {
    "criteria": {
      "has_iron_ingot": "2024-11-08 21:21:19 +0000"
    },
    "done": true
  },
  "aquaculture:recipes/aquaculture/light_hook": {
    "criteria": {
      "has_items": "2024-11-08 21:07:14 +0000"
    },
    "done": true
  },
  "supplementaries:recipes/candle_holders/candle_holder_magenta": {
    "criteria": {
      "has_iron_ingot": "2024-11-08 21:21:19 +0000"
    },
    "done": true
  },
  "supplementaries:recipes/flags/flag_purple": {
    "criteria": {
      "has_stick": "2024-11-08 21:33:48 +0000"
    },
    "done": true
  },
  "handcrafted:recipes/misc/acacia_pillar_trim": {
    "criteria": {
      "has_acacia_pillar_trim": "2024-11-08 21:57:25 +0000"
    },
    "done": true
  },
  "handcrafted:recipes/misc/blaze_trophy": {
    "criteria": {
      "has_blaze_trophy": "2024-11-08 21:57:25 +0000"
    },
    "done": true
  },
  "betterarcheology:recipes/combat/bomb": {
    "criteria": {
      "has_gunpowder": "2024-11-08 21:14:33 +0000"
    },
    "done": true
  },
  "supplementaries:recipes/flags/flag_white": {
    "criteria": {
      "has_stick": "2024-11-08 21:33:48 +0000"
    },
    "done": true
  },
  "minecraft:recipes/transportation/jungle_boat": {
    "criteria": {
      "in_water": "2024-11-08 21:08:54 +0000"
    },
    "done": true
  },
  "supplementaries:recipes/hourglass": {
    "criteria": {
      "has_gold_ingot": "2024-11-08 21:23:16 +0000"
    },
    "done": true
  },
  "handcrafted:recipes/misc/wolf_trophy": {
    "criteria": {
      "has_wolf_trophy": "2024-11-08 21:57:25 +0000"
    },
    "done": true
  },
  "mimi:recipes/frenchhorn": {
    "criteria": {
      "has_note": "2024-11-08 21:07:14 +0000"
    },
    "done": true
  },
  "farmersdelight:recipes/cooking/dog_food": {
    "criteria": {
      "has_any_ingredient": "2024-11-08 21:12:15 +0000"
    },
    "done": true
  },
  "supplementaries:recipes/timber_cross_brace": {
    "criteria": {
      "forge:rods/wooden": "2024-11-08 21:33:48 +0000"
    },
    "done": true
  },
  "minecraft:story/obtain_armor": {
    "criteria": {
      "iron_chestplate": "2024-11-08 21:16:48 +0000"
    },
    "done": true
  },
  "mimi:recipes/flute": {
    "criteria": {
      "has_note": "2024-11-08 21:07:14 +0000"
    },
    "done": true
  },
  "mimi:recipes/guide": {
    "criteria": {
      "has_note": "2024-11-08 21:07:14 +0000"
    },
    "done": true
  },
  "aquaculture:recipes/tools/iron_fishing_rod": {
    "criteria": {
      "has_vanilla_rod": "2024-11-08 21:07:14 +0000"
    },
    "done": true
  },
  "minecraft:recipes/misc/iron_nugget_from_smelting": {
    "criteria": {
      "has_iron_chestplate": "2024-11-08 21:16:48 +0000"
    },
    "done": true
  },
  "undergarden:recipes/combat/slingshot": {
    "criteria": {
      "has_stick": "2024-11-08 21:33:48 +0000"
    },
    "done": true
  },
  "minecraft:recipes/redstone/acacia_pressure_plate": {
    "criteria": {
      "has_planks": "2024-11-08 21:57:25 +0000"
    },
    "done": true
  },
  "undergarden:recipes/tools/catalyst": {
    "criteria": {
      "has_iron": "2024-11-08 21:21:19 +0000"
    },
    "done": true
  },
  "minecraft:recipes/combat/iron_chestplate": {
    "criteria": {
      "has_iron_ingot": "2024-11-08 21:21:19 +0000"
    },
    "done": true
  },
  "minecraft:recipes/misc/iron_nugget": {
    "criteria": {
      "has_iron_ingot": "2024-11-08 21:21:19 +0000"
    },
    "done": true
  },
  "supplementaries:recipes/flags/flag_gray": {
    "criteria": {
      "has_stick": "2024-11-08 21:33:48 +0000"
    },
    "done": true
  },
  "crabbersdelight:recipes/decorations/crab_trap": {
    "criteria": {
      "has_stick": "2024-11-08 21:33:48 +0000"
    },
    "done": true
  },
  "minecraft:recipes/misc/bucket": {
    "criteria": {
      "has_iron_ingot": "2024-11-08 21:21:19 +0000"
    },
    "done": true
  },
  "minecraft:recipes/building_blocks/acacia_slab": {
    "criteria": {
      "has_planks": "2024-11-08 21:57:25 +0000"
    },
    "done": true
  },
  "mimi:recipes/woodblock": {
    "criteria": {
      "has_note": "2024-11-08 21:07:14 +0000"
    },
    "done": true
  },
  "supplementaries:recipes/faucet": {
    "criteria": {
      "has_iron_ingot": "2024-11-08 21:21:19 +0000"
    },
    "done": true
  },
  "mimi:recipes/mechanicalmaestro": {
    "criteria": {
      "has_note": "2024-11-08 21:07:14 +0000"
    },
    "done": true
  },
  "supplementaries:recipes/candle_holders/candle_holder_pink": {
    "criteria": {
      "has_iron_ingot": "2024-11-08 21:21:19 +0000"
    },
    "done": true
  },
  "create:recipes/building_blocks/crafting/kinetics/red_seat": {
    "criteria": {
      "has_wool": "2024-11-08 21:19:22 +0000"
    },
    "done": true
  },
  "minecraft:recipes/combat/golden_helmet": {
    "criteria": {
      "has_gold_ingot": "2024-11-08 21:23:16 +0000"
    },
    "done": true
  },
  "create:recipes/building_blocks/crafting/kinetics/light_gray_seat": {
    "criteria": {
      "has_wool": "2024-11-08 21:19:22 +0000"
    },
    "done": true
  },
  "supplementaries:recipes/gold_trapdoor": {
    "criteria": {
      "has_gold_ingot": "2024-11-08 21:23:16 +0000"
    },
    "done": true
  },
  "solapplepie:recipes/food_book": {
    "criteria": {
      "has_potato": "2024-11-08 21:07:14 +0000",
      "has_book": "2024-11-08 21:07:14 +0000"
    },
    "done": true
  },
  "aquaculture:recipes/decorations/oak_fish_mount": {
    "criteria": {
      "has_items": "2024-11-08 21:07:14 +0000"
    },
    "done": true
  },
  "domum_ornamentum:recipes/building_blocks/blockbarreldeco_onside": {
    "criteria": {
      "has_stick": "2024-11-08 21:33:48 +0000"
    },
    "done": true
  },
  "sophisticatedstorage:recipes/misc/upgrade_base": {
    "criteria": {
      "has_iron_ingot": "2024-11-08 21:21:19 +0000"
    },
    "done": true
  },
  "minecraft:story/smelt_iron": {
    "criteria": {
      "iron": "2024-11-08 21:21:19 +0000"
    },
    "done": true
  },
  "supplementaries:recipes/candle_holders/candle_holder_white": {
    "criteria": {
      "has_iron_ingot": "2024-11-08 21:21:19 +0000"
    },
    "done": true
  },
  "supplementaries:recipes/bed_from_feather_block": {
    "criteria": {
      "minecraft:planks": "2024-11-08 21:57:25 +0000"
    },
    "done": true
  },
  "mimi:recipes/transmitter": {
    "criteria": {
      "has_note": "2024-11-08 21:07:14 +0000"
    },
    "done": true
  },
  "minecraft:recipes/building_blocks/emerald_block": {
    "criteria": {
      "has_emerald": "2024-11-08 21:28:44 +0000"
    },
    "done": true
  },
  "undergarden:recipes/decorations/shard_torch": {
    "criteria": {
      "has_stick": "2024-11-08 21:33:48 +0000"
    },
    "done": true
  },
  "mimi:recipes/synlead": {
    "criteria": {
      "has_note": "2024-11-08 21:07:14 +0000"
    },
    "done": true
  },
  "doggytalents:recipes/decorations/lab_coat": {
    "criteria": {
      "has_wool": "2024-11-08 21:19:22 +0000"
    },
    "done": true
  },
  "doggytalents:recipes/tools/magnifying_bone": {
    "criteria": {
      "has_gold_ingot": "2024-11-08 21:23:16 +0000"
    },
    "done": true
  },
  "simplemagnets:recipes/misc/basicmagnet": {
    "criteria": {
      "recipe_condition": "2024-11-08 21:21:19 +0000"
    },
    "done": true
  },
  "farmersdelight:recipes/food/barbecue_stick": {
    "criteria": {
      "has_tomato": "2024-11-08 21:33:08 +0000"
    },
    "done": true
  },
  "aquaculture:recipes/aquaculture/double_hook": {
    "criteria": {
      "has_items": "2024-11-08 21:07:14 +0000"
    },
    "done": true
  },
  "supplementaries:recipes/flags/flag_light_blue": {
    "criteria": {
      "has_stick": "2024-11-08 21:33:48 +0000"
    },
    "done": true
  },
  "lightmanscurrency:recipes/misc/traders/paygate": {
    "criteria": {
      "ticket_material": "2024-11-08 21:23:16 +0000"
    },
    "done": true
  },
  "minecraft:recipes/transportation/spruce_boat": {
    "criteria": {
      "in_water": "2024-11-08 21:08:54 +0000"
    },
    "done": true
  },
  "minecolonies:recipes/misc/chainmailchestplate": {
    "criteria": {
      "has_iron": "2024-11-08 21:21:19 +0000"
    },
    "done": true
  },
  "create:recipes/misc/crafting/kinetics/empty_blaze_burner": {
    "criteria": {
      "has_item": "2024-11-08 21:21:19 +0000"
    },
    "done": true
  },
  "create:recipes/building_blocks/crafting/kinetics/cyan_seat": {
    "criteria": {
      "has_wool": "2024-11-08 21:19:22 +0000"
    },
    "done": true
  },
  "mimi:recipes/transmitterblock": {
    "criteria": {
      "has_note": "2024-11-08 21:07:14 +0000"
    },
    "done": true
  },
  "betterdeserttemples:root": {
    "criteria": {
      "always": "2024-11-08 21:06:05 +0000"
    },
    "done": true
  },
  "aquaculture:recipes/aquaculture/fishing_line": {
    "criteria": {
      "has_items": "2024-11-08 21:07:14 +0000"
    },
    "done": true
  },
  "supplementaries:recipes/candle_holders/candle_holder_brown": {
    "criteria": {
      "has_iron_ingot": "2024-11-08 21:21:19 +0000"
    },
    "done": true
  },
  "aquaculture:recipes/aquaculture/iron_hook": {
    "criteria": {
      "has_items": "2024-11-08 21:07:14 +0000"
    },
    "done": true
  },
  "handcrafted:recipes/misc/spider_trophy": {
    "criteria": {
      "has_spider_trophy": "2024-11-08 21:57:25 +0000"
    },
    "done": true
  },
  "minecraft:recipes/combat/diamond_boots": {
    "criteria": {
      "has_diamond": "2024-11-08 21:31:06 +0000"
    },
    "done": true
  },
  "lightmanscurrency:recipes/ticket_machine/ticket_station/golden_ticket": {
    "criteria": {
      "ticket_material": "2024-11-08 21:23:16 +0000"
    },
    "done": true
  },
  "minecraft:recipes/combat/iron_sword": {
    "criteria": {
      "has_iron_ingot": "2024-11-08 21:21:19 +0000"
    },
    "done": true
  },
  "minecraft:recipes/tools/iron_pickaxe": {
    "criteria": {
      "has_iron_ingot": "2024-11-08 21:21:19 +0000"
    },
    "done": true
  },
  "minecraft:recipes/transportation/mangrove_boat": {
    "criteria": {
      "in_water": "2024-11-08 21:08:54 +0000"
    },
    "done": true
  },
  "supplementaries:recipes/daub_brace": {
    "criteria": {
      "forge:rods/wooden": "2024-11-08 21:33:48 +0000"
    },
    "done": true
  },
  "supplementaries:recipes/iron_gate": {
    "criteria": {
      "has_iron_ingot": "2024-11-08 21:21:19 +0000"
    },
    "done": true
  },
  "minecraft:recipes/combat/shield": {
    "criteria": {
      "has_iron_ingot": "2024-11-08 21:21:19 +0000"
    },
    "done": true
  },
  "minecolonies:recipes/misc/chainmailboots": {
    "criteria": {
      "has_iron": "2024-11-08 21:21:19 +0000"
    },
    "done": true
  },
  "minecraft:recipes/decorations/iron_bars": {
    "criteria": {
      "has_iron_ingot": "2024-11-08 21:21:19 +0000"
    },
    "done": true
  },
  "aquaculture:recipes/misc/jellyfish_to_slimeball": {
    "criteria": {
      "has_items": "2024-11-08 21:07:14 +0000"
    },
    "done": true
  },
  "supplementaries:recipes/candle_holders/candle_holder_black": {
    "criteria": {
      "has_iron_ingot": "2024-11-08 21:21:19 +0000"
    },
    "done": true
  },
  "create:recipes/building_blocks/crafting/kinetics/pink_seat": {
    "criteria": {
      "has_wool": "2024-11-08 21:19:22 +0000"
    },
    "done": true
  },
  "supplementaries:recipes/notice_board": {
    "criteria": {
      "minecraft:planks": "2024-11-08 21:57:25 +0000"
    },
    "done": true
  },
  "supplementaries:recipes/crystal_display": {
    "criteria": {
      "has_amethyst_shard": "2024-11-08 21:22:43 +0000"
    },
    "done": true
  },
  "minecraft:recipes/brewing/fermented_spider_eye": {
    "criteria": {
      "has_spider_eye": "2024-11-08 21:18:08 +0000"
    },
    "done": true
  },
  "supplementaries:recipes/candle_holders/candle_holder_green": {
    "criteria": {
      "has_iron_ingot": "2024-11-08 21:21:19 +0000"
    },
    "done": true
  },
  "dungeons_arise:find_bathhouse": {
    "criteria": {
      "location0": "2024-11-08 21:11:51 +0000"
    },
    "done": true
  },
  "minecraft:recipes/tools/wooden_pickaxe": {
    "criteria": {
      "has_stick": "2024-11-08 21:33:48 +0000"
    },
    "done": true
  },
  "aquaculture:recipes/tools/diamond_fishing_rod": {
    "criteria": {
      "has_vanilla_rod": "2024-11-08 21:07:14 +0000"
    },
    "done": true
  },
  "supplementaries:recipes/flags/flag_cyan": {
    "criteria": {
      "has_stick": "2024-11-08 21:33:48 +0000"
    },
    "done": true
  },
  "undergarden:recipes/transportation/smogstem_boat": {
    "criteria": {
      "in_water": "2024-11-08 21:08:54 +0000"
    },
    "done": true
  },
  "betterarcheology:recipes/recipe_diamond_brush": {
    "criteria": {
      "has_item": "2024-11-08 21:31:06 +0000"
    },
    "done": true
  },
  "cuisinedelight:recipes/misc/plate_from_planks_stonecutting": {
    "criteria": {
      "has_planks": "2024-11-08 21:57:25 +0000"
    },
    "done": true
  },
  "supplementaries:recipes/candle_holders/candle_holder": {
    "criteria": {
      "has_iron_ingot": "2024-11-08 21:21:19 +0000"
    },
    "done": true
  },
  "mimi:recipes/glockenspiel": {
    "criteria": {
      "has_note": "2024-11-08 21:07:14 +0000"
    },
    "done": true
  },
  "minecraft:recipes/decorations/acacia_fence": {
    "criteria": {
      "has_planks": "2024-11-08 21:57:25 +0000"
    },
    "done": true
  },
  "farmersdelight:recipes/cooking/tomato_sauce": {
    "criteria": {
      "has_tomato": "2024-11-08 21:33:08 +0000"
    },
    "done": true
  },
  "farmersdelight:recipes/cooking/ratatouille": {
    "criteria": {
      "has_any_ingredient": "2024-11-08 21:33:08 +0000"
    },
    "done": true
  },
  "farmersdelight:recipes/building_blocks/organic_compost_from_rotten_flesh": {
    "criteria": {
      "has_rotten_flesh": "2024-11-08 21:12:15 +0000"
    },
    "done": true
  },
  "minecraft:recipes/building_blocks/amethyst_block": {
    "criteria": {
      "has_amethyst_shard": "2024-11-08 21:22:43 +0000"
    },
    "done": true
  },
  "supplementaries:recipes/flags/flag_red": {
    "criteria": {
      "has_stick": "2024-11-08 21:33:48 +0000"
    },
    "done": true
  },
  "minecraft:recipes/tools/iron_axe": {
    "criteria": {
      "has_iron_ingot": "2024-11-08 21:21:19 +0000"
    },
    "done": true
  },
  "domum_ornamentum:recipes/building_blocks/blockbarreldeco_standing": {
    "criteria": {
      "has_stick": "2024-11-08 21:33:48 +0000"
    },
    "done": true
  },
  "minecraft:adventure/kill_a_mob": {
    "criteria": {
      "minecraft:zombie": "2024-11-08 21:12:11 +0000"
    },
    "done": true
  },
  "lightmanscurrency:recipes/misc/ticket_station": {
    "criteria": {
      "ticket_material": "2024-11-08 21:23:16 +0000"
    },
    "done": true
  },
  "minecraft:recipes/tools/golden_hoe": {
    "criteria": {
      "has_gold_ingot": "2024-11-08 21:23:16 +0000"
    },
    "done": true
  },
  "minecraft:recipes/food/mushroom_stew": {
    "criteria": {
      "has_mushroom_stew": "2024-11-08 21:19:05 +0000"
    },
    "done": true
  },
  "minecraft:husbandry/balanced_diet": {
    "criteria": {
      "pumpkin_pie": "2024-11-08 21:47:05 +0000"
    },
    "done": false
  },
  "supplementaries:recipes/gold_door": {
    "criteria": {
      "has_gold_ingot": "2024-11-08 21:23:16 +0000"
    },
    "done": true
  },
  "betterarcheology:recipes/tools/diamond_brush": {
    "criteria": {
      "has_diamond": "2024-11-08 21:31:06 +0000"
    },
    "done": true
  },
  "mimi:recipes/celesta": {
    "criteria": {
      "has_note": "2024-11-08 21:07:14 +0000"
    },
    "done": true
  },
  "handcrafted:recipes/misc/brown_cushion": {
    "criteria": {
      "has_brown_cushion": "2024-11-08 21:19:22 +0000"
    },
    "done": true
  },
  "handcrafted:recipes/misc/skeleton_horse_trophy": {
    "criteria": {
      "has_skeleton_horse_trophy": "2024-11-08 21:57:25 +0000"
    },
    "done": true
  },
  "farmersdelight:recipes/cooking/vegetable_soup": {
    "criteria": {
      "has_any_ingredient": "2024-11-08 21:18:09 +0000"
    },
    "done": true
  },
  "mcwbridges:recipes/pliers": {
    "criteria": {
      "has_planks": "2024-11-08 21:21:19 +0000"
    },
    "done": true
  },
  "aquaculture:recipes/misc/tin_can_to_iron_nugget": {
    "criteria": {
      "has_items": "2024-11-08 21:07:14 +0000"
    },
    "done": true
  },
  "supplementaries:recipes/candle_holders/candle_holder_yellow": {
    "criteria": {
      "has_iron_ingot": "2024-11-08 21:21:19 +0000"
    },
    "done": true
  },
  "doggytalents:recipes/building_blocks/dog_bath": {
    "criteria": {
      "has_iron_ingot": "2024-11-08 21:21:19 +0000"
    },
    "done": true
  },
  "minecraft:recipes/building_blocks/acacia_planks": {
    "criteria": {
      "has_log": "2024-11-08 21:50:14 +0000"
    },
    "done": true
  },
  "create:recipes/building_blocks/industrial_iron_block_from_ingots_iron_stonecutting": {
    "criteria": {
      "has_ingots_iron": "2024-11-08 21:21:19 +0000"
    },
    "done": true
  },
  "mimi:recipes/panflute": {
    "criteria": {
      "has_note": "2024-11-08 21:07:14 +0000"
    },
    "done": true
  },
  "mcwlights:recipes/torches": {
    "criteria": {
      "has_wood": "2024-11-08 21:21:07 +0000"
    },
    "done": true
  },
  "minecraft:recipes/redstone/iron_door": {
    "criteria": {
      "has_iron_ingot": "2024-11-08 21:21:19 +0000"
    },
    "done": true
  },
  "handcrafted:recipes/misc/wither_skeleton_trophy": {
    "criteria": {
      "has_wither_skeleton_trophy": "2024-11-08 21:57:25 +0000"
    },
    "done": true
  },
  "minecraft:recipes/transportation/dark_oak_boat": {
    "criteria": {
      "in_water": "2024-11-08 21:08:54 +0000"
    },
    "done": true
  },
  "mcwlights:recipes/garden_light": {
    "criteria": {
      "has_wood": "2024-11-08 21:21:19 +0000"
    },
    "done": true
  },
  "sophisticatedbackpacks:recipes/misc/iron_backpack": {
    "criteria": {
      "has_backpack": "2024-11-08 21:07:14 +0000"
    },
    "done": true
  },
  "minecraft:recipes/redstone/acacia_button": {
    "criteria": {
      "has_planks": "2024-11-08 21:57:25 +0000"
    },
    "done": true
  },
  "minecraft:recipes/decorations/brown_banner": {
    "criteria": {
      "has_brown_wool": "2024-11-08 21:19:22 +0000"
    },
    "done": true
  },
  "moresnifferflowers:recipes/misc/extraction_bottle": {
    "criteria": {
      "has_amethyst": "2024-11-08 21:22:43 +0000"
    },
    "done": true
  },
  "mimi:recipes/harmonica": {
    "criteria": {
      "has_note": "2024-11-08 21:07:14 +0000"
    },
    "done": true
  },
  "minecraft:recipes/decorations/brown_bed": {
    "criteria": {
      "has_brown_wool": "2024-11-08 21:19:22 +0000"
    },
    "done": true
  },
  "farmersdelight:recipes/cooking/rabbit_stew": {
    "criteria": {
      "has_any_ingredient": "2024-11-08 21:18:09 +0000"
    },
    "done": true
  },
  "minecraft:recipes/tools/golden_axe": {
    "criteria": {
      "has_gold_ingot": "2024-11-08 21:23:16 +0000"
    },
    "done": true
  },
  "supplementaries:recipes/crank": {
    "criteria": {
      "forge:rods/wooden": "2024-11-08 21:33:48 +0000"
    },
    "done": true
  },
  "minecraft:recipes/tools/golden_pickaxe": {
    "criteria": {
      "has_gold_ingot": "2024-11-08 21:23:16 +0000"
    },
    "done": true
  },
  "supplementaries:recipes/spring_launcher": {
    "criteria": {
      "has_gunpowder": "2024-11-08 21:14:33 +0000"
    },
    "done": true
  },
  "minecraft:recipes/building_blocks/lapis_block": {
    "criteria": {
      "has_lapis_lazuli": "2024-11-08 21:29:22 +0000"
    },
    "done": true
  },
  "aquaculture:recipes/decorations/birch_fish_mount": {
    "criteria": {
      "has_items": "2024-11-08 21:07:14 +0000"
    },
    "done": true
  },
  "mimi:recipes/elecguitar": {
    "criteria": {
      "has_note": "2024-11-08 21:07:14 +0000"
    },
    "done": true
  },
  "doggytalents:recipes/decorations/superdog_suit": {
    "criteria": {
      "has_iron_ingot": "2024-11-08 21:21:19 +0000"
    },
    "done": true
  },
  "constructionwand:recipes/tools/iron_wand": {
    "criteria": {
      "has_item": "2024-11-08 21:21:19 +0000"
    },
    "done": true
  },
  "supplementaries:recipes/candle_holders/candle_holder_blue": {
    "criteria": {
      "has_iron_ingot": "2024-11-08 21:21:19 +0000"
    },
    "done": true
  },
  "supplementaries:recipes/flags/flag_orange": {
    "criteria": {
      "has_stick": "2024-11-08 21:33:48 +0000"
    },
    "done": true
  },
  "mcwdoors:recipes/acacia": {
    "criteria": {
      "has_wood": "2024-11-08 21:50:14 +0000"
    },
    "done": true
  },
  "minecraft:recipes/combat/diamond_chestplate": {
    "criteria": {
      "has_diamond": "2024-11-08 21:31:06 +0000"
    },
    "done": true
  },
  "supplementaries:recipes/candle_holders/candle_holder_lime": {
    "criteria": {
      "has_iron_ingot": "2024-11-08 21:21:19 +0000"
    },
    "done": true
  },
  "supplementaries:recipes/soap": {
    "criteria": {
      "forge:ash": "2024-11-08 21:12:29 +0000"
    },
    "done": true
  },
  "handcrafted:recipes/misc/acacia_shelf": {
    "criteria": {
      "has_acacia_shelf": "2024-11-08 21:57:25 +0000"
    },
    "done": true
  },
  "supplementaries:recipes/lock_block": {
    "criteria": {
      "has_iron_ingot": "2024-11-08 21:21:19 +0000"
    },
    "done": true
  },
  "create:recipes/misc/crafting/appliances/crafting_blueprint": {
    "criteria": {
      "has_item": "2024-11-08 21:52:06 +0000"
    },
    "done": true
  },
  "aquaculture:recipes/misc/iron_nugget_from_smelting": {
    "criteria": {
      "has_fishing_rod": "2024-11-08 21:07:14 +0000",
      "has_fillet_knife": "2024-11-08 21:07:14 +0000"
    },
    "done": true
  },
  "nethersdelight:recipes/decorations/blackstone_blast_furnace": {
    "criteria": {
      "has_iron": "2024-11-08 21:21:19 +0000"
    },
    "done": true
  },
  "supplementaries:recipes/candle_holders/candle_holder_light_blue": {
    "criteria": {
      "has_iron_ingot": "2024-11-08 21:21:19 +0000"
    },
    "done": true
  },
  "create:recipes/building_blocks/crafting/kinetics/magenta_seat": {
    "criteria": {
      "has_wool": "2024-11-08 21:19:22 +0000"
    },
    "done": true
  },
  "repurposed_structures:root": {
    "criteria": {
      "always": "2024-11-08 21:06:05 +0000"
    },
    "done": true
  },
  "naturescompass:natures_compass": {
    "criteria": {
      "has_compass": "2024-11-08 21:40:31 +0000"
    },
    "done": true
  },
  "minecraft:recipes/misc/map": {
    "criteria": {
      "has_compass": "2024-11-08 21:40:31 +0000"
    },
    "done": true
  },
  "aquaculture:recipes/tools/golden_fishing_rod": {
    "criteria": {
      "has_vanilla_rod": "2024-11-08 21:07:14 +0000"
    },
    "done": true
  },
  "minecraft:recipes/tools/shears": {
    "criteria": {
      "has_iron_ingot": "2024-11-08 21:21:19 +0000"
    },
    "done": true
  },
  "supplementaries:recipes/cage": {
    "criteria": {
      "has_iron_ingot": "2024-11-08 21:21:19 +0000"
    },
    "done": true
  },
  "aquaculture:recipes/misc/gold_nugget_from_smelting": {
    "criteria": {
      "has_fishing_rod": "2024-11-08 21:07:14 +0000",
      "has_fillet_knife": "2024-11-08 21:07:14 +0000"
    },
    "done": true
  },
  "minecraft:recipes/tools/spyglass": {
    "criteria": {
      "has_amethyst_shard": "2024-11-08 21:22:43 +0000"
    },
    "done": true
  },
  "mimi:recipes/harp": {
    "criteria": {
      "has_note": "2024-11-08 21:07:14 +0000"
    },
    "done": true
  },
  "handcrafted:recipes/misc/acacia_chair": {
    "criteria": {
      "has_acacia_chair": "2024-11-08 21:57:25 +0000"
    },
    "done": true
  },
  "minecraft:adventure/kill_all_mobs": {
    "criteria": {
      "minecraft:skeleton": "2024-11-08 21:13:10 +0000",
      "minecraft:spider": "2024-11-08 21:56:26 +0000",
      "minecraft:creeper": "2024-11-08 21:56:00 +0000",
      "minecraft:husk": "2024-11-08 21:15:17 +0000",
      "minecraft:zombie": "2024-11-08 21:12:11 +0000",
      "minecraft:drowned": "2024-11-08 21:36:07 +0000",
      "minecraft:zombie_villager": "2024-11-08 21:55:29 +0000"
    },
    "done": false
  },
  "minecraft:recipes/building_blocks/iron_block": {
    "criteria": {
      "has_iron_ingot": "2024-11-08 21:21:19 +0000"
    },
    "done": true
  },
  "farmersdelight:recipes/decorations/cooking_pot": {
    "criteria": {
      "has_iron_ingot": "2024-11-08 21:21:19 +0000"
    },
    "done": true
  },
  "domum_ornamentum:recipes/tools/architectscutter": {
    "criteria": {
      "has_iron_ingot": "2024-11-08 21:21:19 +0000"
    },
    "done": true
  },
  "minecraft:recipes/transportation/bamboo_raft": {
    "criteria": {
      "in_water": "2024-11-08 21:08:54 +0000"
    },
    "done": true
  },
  "supplementaries:recipes/bomb": {
    "criteria": {
      "has_iron_ingot": "2024-11-08 21:21:19 +0000"
    },
    "done": true
  },
  "aquaculture:recipes/misc/bonemeal_from_fish_bones": {
    "criteria": {
      "has_items": "2024-11-08 21:07:14 +0000"
    },
    "done": true
  },
  "comforts:hammock_brown": {
    "criteria": {
      "has_brown_wool": "2024-11-08 21:19:22 +0000"
    },
    "done": true
  },
  "mimi:recipes/tuba": {
    "criteria": {
      "has_note": "2024-11-08 21:07:14 +0000"
    },
    "done": true
  },
  "chimes:recipes/decorations/amethyst_chimes": {
    "criteria": {
      "has_planks": "2024-11-08 21:22:43 +0000"
    },
    "done": true
  },
  "supplementaries:recipes/ash_brick": {
    "criteria": {
      "forge:ash": "2024-11-08 21:12:29 +0000"
    },
    "done": true
  },
  "minecraft:recipes/redstone/acacia_door": {
    "criteria": {
      "has_planks": "2024-11-08 21:57:25 +0000"
    },
    "done": true
  },
  "handcrafted:recipes/misc/salmon_trophy": {
    "criteria": {
      "has_salmon_trophy": "2024-11-08 21:57:25 +0000"
    },
    "done": true
  },
  "minecraft:recipes/tools/diamond_shovel": {
    "criteria": {
      "has_diamond": "2024-11-08 21:31:06 +0000"
    },
    "done": true
  },
  "farmersdelight:recipes/cooking/squid_ink_pasta": {
    "criteria": {
      "has_any_ingredient": "2024-11-08 21:33:08 +0000"
    },
    "done": true
  },
  "mimi:recipes/cello": {
    "criteria": {
      "has_note": "2024-11-08 21:07:14 +0000"
    },
    "done": true
  },
  "handcrafted:recipes/misc/silverfish_trophy": {
    "criteria": {
      "has_silverfish_trophy": "2024-11-08 21:57:25 +0000"
    },
    "done": true
  },
  "minecraft:recipes/redstone/light_weighted_pressure_plate": {
    "criteria": {
      "has_gold_ingot": "2024-11-08 21:23:16 +0000"
    },
    "done": true
  },
  "mimi:recipes/violin": {
    "criteria": {
      "has_note": "2024-11-08 21:07:14 +0000"
    },
    "done": true
  },
  "mimi:recipes/bassoon": {
    "criteria": {
      "has_note": "2024-11-08 21:07:14 +0000"
    },
    "done": true
  },
  "globalxp:recipes/misc/xp_block": {
    "criteria": {
      "has_emerald": "2024-11-08 21:28:44 +0000"
    },
    "done": true
  },
  "explorerscompass:explorers_compass": {
    "criteria": {
      "has_compass": "2024-11-08 21:40:31 +0000"
    },
    "done": true
  },
  "handcrafted:recipes/misc/acacia_corner_trim": {
    "criteria": {
      "has_acacia_corner_trim": "2024-11-08 21:57:25 +0000"
    },
    "done": true
  },
  "aquaculture:recipes/misc/brown_mushroom_from_fish": {
    "criteria": {
      "has_items": "2024-11-08 21:07:14 +0000"
    },
    "done": true
  },
  "lootr:social": {
    "criteria": {
      "opened_barrel": "2024-11-08 21:18:08 +0000",
      "opened_chest": "2024-11-08 21:16:46 +0000"
    },
    "done": false
  },
  "farmersdelight:recipes/building_blocks/tomato_crate": {
    "criteria": {
      "has_tomato": "2024-11-08 21:33:08 +0000"
    },
    "done": true
  },
  "supplementaries:recipes/candle_holders/candle_holder_purple": {
    "criteria": {
      "has_iron_ingot": "2024-11-08 21:21:19 +0000"
    },
    "done": true
  },
  "supplementaries:recipes/flags/flag_pink": {
    "criteria": {
      "has_stick": "2024-11-08 21:33:48 +0000"
    },
    "done": true
  },
  "mimi:recipes/bagpipe": {
    "criteria": {
      "has_note": "2024-11-08 21:07:14 +0000"
    },
    "done": true
  },
  "dungeons_arise:wda_root": {
    "criteria": {
      "WDA": "2024-11-08 21:06:05 +0000"
    },
    "done": true
  },
  "minecraft:recipes/decorations/lantern": {
    "criteria": {
      "has_iron_ingot": "2024-11-08 21:21:19 +0000"
    },
    "done": true
  },
  "supplementaries:recipes/timber_frame": {
    "criteria": {
      "forge:rods/wooden": "2024-11-08 21:33:48 +0000"
    },
    "done": true
  },
  "aquaculture:recipes/tools/wooden_fillet_knife": {
    "criteria": {
      "has_items": "2024-11-08 21:33:48 +0000"
    },
    "done": true
  },
  "minecraft:recipes/tools/wooden_hoe": {
    "criteria": {
      "has_stick": "2024-11-08 21:33:48 +0000"
    },
    "done": true
  },
  "minecraft:recipes/misc/charcoal": {
    "criteria": {
      "has_log": "2024-11-08 21:50:14 +0000"
    },
    "done": true
  },
  "minecraft:recipes/tools/iron_shovel": {
    "criteria": {
      "has_iron_ingot": "2024-11-08 21:21:19 +0000"
    },
    "done": true
  },
  "mimi:recipes/vibraphone": {
    "criteria": {
      "has_note": "2024-11-08 21:07:14 +0000"
    },
    "done": true
  },
  "nethersdelight:recipes/tools/iron_machete": {
    "criteria": {
      "has_iron_ingot": "2024-11-08 21:21:19 +0000"
    },
    "done": true
  },
  "farmersdelight:recipes/food/cake_from_slices": {
    "criteria": {
      "has_cake_slice": "2024-11-08 21:19:01 +0000"
    },
    "done": true
  },
  "mcwdoors:recipes/metal": {
    "criteria": {
      "has_wood": "2024-11-08 21:21:19 +0000"
    },
    "done": true
  },
  "naturescompass:natures_compass_log": {
    "criteria": {
      "has_log": "2024-11-08 21:50:14 +0000"
    },
    "done": true
  },
  "lootr:25loot": {
    "criteria": {
      "loot_stat": "2024-11-08 21:31:49 +0000"
    },
    "done": true
  },
  "minecraft:recipes/combat/diamond_helmet": {
    "criteria": {
      "has_diamond": "2024-11-08 21:31:06 +0000"
    },
    "done": true
  },
  "aquaculture:recipes/misc/neptinium_ingot_from_blasting": {
    "criteria": {
      "has_leggings": "2024-11-08 21:07:14 +0000",
      "has_axe": "2024-11-08 21:07:14 +0000",
      "has_helmet": "2024-11-08 21:07:14 +0000",
      "has_fishing_rod": "2024-11-08 21:07:14 +0000",
      "has_bow": "2024-11-08 21:07:14 +0000",
      "has_chestplate": "2024-11-08 21:07:14 +0000",
      "has_sword": "2024-11-08 21:07:14 +0000",
      "has_fillet_knife": "2024-11-08 21:07:14 +0000",
      "has_shovel": "2024-11-08 21:07:14 +0000",
      "has_hoe": "2024-11-08 21:07:14 +0000",
      "has_boots": "2024-11-08 21:07:14 +0000",
      "has_pickaxe": "2024-11-08 21:07:14 +0000"
    },
    "done": true
  },
  "sliceanddice:recipes/misc/slicer": {
    "criteria": {
      "has_tool": "2024-11-08 21:12:03 +0000"
    },
    "done": true
  },
  "supplementaries:recipes/slingshot": {
    "criteria": {
      "forge:rods/wooden": "2024-11-08 21:33:48 +0000"
    },
    "done": true
  },
  "mimi:recipes/ledcube_a": {
    "criteria": {
      "has_note": "2024-11-08 21:07:14 +0000"
    },
    "done": true
  },
  "mimi:recipes/ledcube_b": {
    "criteria": {
      "has_note": "2024-11-08 21:07:14 +0000"
    },
    "done": true
  },
  "mimi:recipes/ledcube_c": {
    "criteria": {
      "has_note": "2024-11-08 21:07:14 +0000"
    },
    "done": true
  },
  "mimi:recipes/ledcube_d": {
    "criteria": {
      "has_note": "2024-11-08 21:07:14 +0000"
    },
    "done": true
  },
  "mimi:recipes/ledcube_e": {
    "criteria": {
      "has_note": "2024-11-08 21:07:14 +0000"
    },
    "done": true
  },
  "mimi:recipes/ledcube_f": {
    "criteria": {
      "has_note": "2024-11-08 21:07:14 +0000"
    },
    "done": true
  },
  "mimi:recipes/ledcube_g": {
    "criteria": {
      "has_note": "2024-11-08 21:07:14 +0000"
    },
    "done": true
  },
  "mimi:recipes/ledcube_h": {
    "criteria": {
      "has_note": "2024-11-08 21:07:14 +0000"
    },
    "done": true
  },
  "aquaculture:recipes/decorations/dark_oak_fish_mount": {
    "criteria": {
      "has_items": "2024-11-08 21:07:14 +0000"
    },
    "done": true
  },
  "minecolonies:recipes/misc/chainmailhelmet": {
    "criteria": {
      "has_iron": "2024-11-08 21:21:19 +0000"
    },
    "done": true
  },
  "mcwbridges:recipes/bridge_lantern": {
    "criteria": {
      "has_planks": "2024-11-08 21:21:07 +0000"
    },
    "done": true
  },
  "minecraft:recipes/tools/wooden_shovel": {
    "criteria": {
      "has_stick": "2024-11-08 21:33:48 +0000"
    },
    "done": true
  },
  "suppsquared:recipes/decorations/item_shelf_acacia": {
    "criteria": {
      "has_planks": "2024-11-08 21:57:25 +0000"
    },
    "done": true
  },
  "handcrafted:recipes/misc/brown_sheet": {
    "criteria": {
      "has_brown_sheet": "2024-11-08 21:19:22 +0000"
    },
    "done": true
  },
  "minecraft:adventure/root": {
    "criteria": {
      "killed_something": "2024-11-08 21:12:11 +0000"
    },
    "done": true
  },
  "supplementaries:recipes/clock_block": {
    "criteria": {
      "minecraft:planks": "2024-11-08 21:57:25 +0000"
    },
    "done": true
  },
  "mimi:recipes/steeldrum": {
    "criteria": {
      "has_note": "2024-11-08 21:07:14 +0000"
    },
    "done": true
  },
  "handcrafted:recipes/misc/acacia_couch": {
    "criteria": {
      "has_acacia_couch": "2024-11-08 21:57:25 +0000"
    },
    "done": true
  },
  "aquaculture:recipes/aquaculture/diamond_hook": {
    "criteria": {
      "has_items": "2024-11-08 21:07:14 +0000"
    },
    "done": true
  },
  "minecraft:recipes/combat/crossbow": {
    "criteria": {
      "has_iron_ingot": "2024-11-08 21:21:19 +0000"
    },
    "done": true
  },
  "aquaculture:recipes/food/sushi": {
    "criteria": {
      "has_alt_items": "2024-11-08 21:07:14 +0000",
      "has_items": "2024-11-08 21:07:14 +0000"
    },
    "done": true
  },
  "create:recipes/building_blocks/crafting/kinetics/green_seat": {
    "criteria": {
      "has_wool": "2024-11-08 21:19:22 +0000"
    },
    "done": true
  },
  "minecraft:recipes/decorations/barrel": {
    "criteria": {
      "has_planks": "2024-11-08 21:57:25 +0000"
    },
    "done": true
  },
  "mimi:recipes/trumpet": {
    "criteria": {
      "has_note": "2024-11-08 21:07:14 +0000"
    },
    "done": true
  },
  "farmersdelight:main/craft_knife": {
    "criteria": {
      "iron_knife": "2024-11-08 21:12:03 +0000"
    },
    "done": true
  },
  "create:recipes/building_blocks/crafting/kinetics/purple_seat": {
    "criteria": {
      "has_wool": "2024-11-08 21:19:22 +0000"
    },
    "done": true
  },
  "mimi:recipes/acguitar": {
    "criteria": {
      "has_note": "2024-11-08 21:07:14 +0000"
    },
    "done": true
  },
  "mimi:recipes/kalimba": {
    "criteria": {
      "has_note": "2024-11-08 21:07:14 +0000"
    },
    "done": true
  },
  "aquaculture:recipes/misc/red_mushroom_from_fish": {
    "criteria": {
      "has_items": "2024-11-08 21:07:14 +0000"
    },
    "done": true
  },
  "aquaculture:recipes/building_blocks/planks_from_driftwood": {
    "criteria": {
      "has_items": "2024-11-08 21:07:14 +0000"
    },
    "done": true
  },
  "minecraft:story/mine_diamond": {
    "criteria": {
      "diamond": "2024-11-08 21:31:06 +0000"
    },
    "done": true
  },
  "aquamirae:adventure/root": {
    "criteria": {
      "crafting_table": "2024-11-08 21:52:06 +0000"
    },
    "done": true
  },
  "mimi:recipes/listener": {
    "criteria": {
      "has_note": "2024-11-08 21:07:14 +0000"
    },
    "done": true
  },
  "mimi:recipes/musicbox": {
    "criteria": {
      "has_note": "2024-11-08 21:07:14 +0000"
    },
    "done": true
  },
  "minecraft:recipes/redstone/heavy_weighted_pressure_plate": {
    "criteria": {
      "has_iron_ingot": "2024-11-08 21:21:19 +0000"
    },
    "done": true
  },
  "handcrafted:recipes/misc/acacia_bench": {
    "criteria": {
      "has_acacia_bench": "2024-11-08 21:57:25 +0000"
    },
    "done": true
  },
  "farmersdelight:recipes/combat/diamond_knife": {
    "criteria": {
      "has_diamond": "2024-11-08 21:31:06 +0000"
    },
    "done": true
  },
  "farmersdelight:recipes/misc/iron_nugget_from_blasting_knife": {
    "criteria": {
      "has_iron_knife": "2024-11-08 21:12:03 +0000"
    },
    "done": true
  },
  "lootr:1chest": {
    "criteria": {
      "opened_chest": "2024-11-08 21:16:46 +0000"
    },
    "done": true
  },
  "minecraft:recipes/combat/iron_leggings": {
    "criteria": {
      "has_iron_ingot": "2024-11-08 21:21:19 +0000"
    },
    "done": true
  },
  "aquaculture:recipes/aquaculture/worm_farm": {
    "criteria": {
      "has_items": "2024-11-08 21:07:14 +0000"
    },
    "done": true
  },
  "minecraft:recipes/combat/diamond_leggings": {
    "criteria": {
      "has_diamond": "2024-11-08 21:31:06 +0000"
    },
    "done": true
  },
  "minecraft:recipes/misc/blue_dye": {
    "criteria": {
      "has_lapis_lazuli": "2024-11-08 21:29:22 +0000"
    },
    "done": true
  },
  "doggytalents:recipes/tools/shrinking_mallet": {
    "criteria": {
      "has_gold_ingot": "2024-11-08 21:23:16 +0000"
    },
    "done": true
  },
  "mimi:recipes/saxophone": {
    "criteria": {
      "has_note": "2024-11-08 21:07:14 +0000"
    },
    "done": true
  },
  "mimi:recipes/timpani": {
    "criteria": {
      "has_note": "2024-11-08 21:07:14 +0000"
    },
    "done": true
  },
  "create:recipes/building_blocks/crafting/kinetics/brown_seat": {
    "criteria": {
      "has_wool": "2024-11-08 21:19:22 +0000"
    },
    "done": true
  },
  "minecraft:recipes/decorations/brown_carpet": {
    "criteria": {
      "has_brown_wool": "2024-11-08 21:19:22 +0000"
    },
    "done": true
  },
  "mimi:recipes/ledcube_a_def": {
    "criteria": {
      "has_note": "2024-11-08 21:07:14 +0000"
    },
    "done": true
  },
  "undergarden:recipes/decorations/torch_ditchbulb_paste": {
    "criteria": {
      "has_stick": "2024-11-08 21:33:48 +0000"
    },
    "done": true
  },
  "aquaculture:recipes/aquaculture/note_hook": {
    "criteria": {
      "has_items": "2024-11-08 21:07:14 +0000"
    },
    "done": true
  },
  "supplementaries:recipes/flags/flag_brown": {
    "criteria": {
      "has_brown_wool": "2024-11-08 21:19:22 +0000"
    },
    "done": true
  },
  "aquaculture:recipes/food/cooked_fish_fillet_from_campfire": {
    "criteria": {
      "has_items": "2024-11-08 21:07:14 +0000"
    },
    "done": true
  },
  "farmersdelight:recipes/combat/flint_knife": {
    "criteria": {
      "has_stick": "2024-11-08 21:33:48 +0000"
    },
    "done": true
  },
  "aquaculture:recipes/tools/diamond_fillet_knife": {
    "criteria": {
      "has_items": "2024-11-08 21:31:06 +0000"
    },
    "done": true
  },
  "minecraft:recipes/transportation/minecart": {
    "criteria": {
      "has_iron_ingot": "2024-11-08 21:21:19 +0000"
    },
    "done": true
  },
  "create:recipes/building_blocks/crafting/kinetics/gray_seat": {
    "criteria": {
      "has_wool": "2024-11-08 21:19:22 +0000"
    },
    "done": true
  },
  "minecraft:recipes/tools/iron_hoe": {
    "criteria": {
      "has_iron_ingot": "2024-11-08 21:21:19 +0000"
    },
    "done": true
  },
  "mimi:recipes/prophet": {
    "criteria": {
      "has_note": "2024-11-08 21:07:14 +0000"
    },
    "done": true
  },
  "farmersdelight:recipes/misc/iron_nugget_from_smelting_knife": {
    "criteria": {
      "has_iron_knife": "2024-11-08 21:12:03 +0000"
    },
    "done": true
  },
  "minecraft:recipes/misc/bowl": {
    "criteria": {
      "has_mushroom_stew": "2024-11-08 21:19:05 +0000"
    },
    "done": true
  },
  "handcrafted:recipes/misc/acacia_drawer": {
    "criteria": {
      "has_acacia_drawer": "2024-11-08 21:57:25 +0000"
    },
    "done": true
  },
  "minecolonies:recipes/misc/shapetool": {
    "criteria": {
      "has_stick": "2024-11-08 21:33:48 +0000"
    },
    "done": true
  },
  "mimi:recipes/viola": {
    "criteria": {
      "has_note": "2024-11-08 21:07:14 +0000"
    },
    "done": true
  },
  "minecraft:recipes/decorations/painting": {
    "criteria": {
      "has_wool": "2024-11-08 21:19:22 +0000"
    },
    "done": true
  },
  "aquaculture:recipes/aquaculture/gold_hook": {
    "criteria": {
      "has_items": "2024-11-08 21:07:14 +0000"
    },
    "done": true
  },
  "minecraft:recipes/redstone/acacia_trapdoor": {
    "criteria": {
      "has_planks": "2024-11-08 21:57:25 +0000"
    },
    "done": true
  },
  "undergarden:recipes/decorations/undergarden_scaffolding": {
    "criteria": {
      "has_stick": "2024-11-08 21:33:48 +0000"
    },
    "done": true
  },
  "mcwlights:recipes/gold_stuff": {
    "criteria": {
      "has_wood": "2024-11-08 21:23:16 +0000"
    },
    "done": true
  },
  "create:recipes/building_blocks/crafting/kinetics/orange_seat": {
    "criteria": {
      "has_wool": "2024-11-08 21:19:22 +0000"
    },
    "done": true
  },
  "mcwlights:recipes/lava_lamp": {
    "criteria": {
      "has_wood": "2024-11-08 21:21:19 +0000"
    },
    "done": true
  },
  "farmersdelight:recipes/cooking/vegetable_noodles": {
    "criteria": {
      "has_any_ingredient": "2024-11-08 21:18:09 +0000"
    },
    "done": true
  },
  "aquaculture:recipes/decorations/spruce_fish_mount": {
    "criteria": {
      "has_items": "2024-11-08 21:07:14 +0000"
    },
    "done": true
  },
  "handcrafted:recipes/misc/acacia_side_table": {
    "criteria": {
      "has_acacia_side_table": "2024-11-08 21:57:25 +0000"
    },
    "done": true
  },
  "aquaculture:recipes/tools/iron_fillet_knife": {
    "criteria": {
      "has_items": "2024-11-08 21:21:19 +0000"
    },
    "done": true
  },
  "minecraft:recipes/decorations/chain": {
    "criteria": {
      "has_iron_ingot": "2024-11-08 21:21:19 +0000"
    },
    "done": true
  },
  "lootr:root": {
    "criteria": {
      "always_true": "2024-11-08 21:06:05 +0000"
    },
    "done": true
  },
  "minecolonies:recipes/misc/blockconstructiontape": {
    "criteria": {
      "has_wool": "2024-11-08 21:19:22 +0000"
    },
    "done": true
  },
  "minecraft:recipes/decorations/smithing_table": {
    "criteria": {
      "has_iron_ingot": "2024-11-08 21:21:19 +0000"
    },
    "done": true
  },
  "supplementaries:recipes/speaker_block": {
    "criteria": {
      "has_emerald": "2024-11-08 21:28:44 +0000"
    },
    "done": true
  },
  "handcrafted:recipes/misc/fox_trophy": {
    "criteria": {
      "has_fox_trophy": "2024-11-08 21:57:25 +0000"
    },
    "done": true
  },
  "doggytalents:recipes/tools/canine_tracker": {
    "criteria": {
      "has_gold_ingot": "2024-11-08 21:23:16 +0000"
    },
    "done": true
  },
  "sophisticatedstorage:recipes/misc/acacia_chest": {
    "criteria": {
      "has_acacia_plank": "2024-11-08 21:57:25 +0000"
    },
    "done": true
  },
  "mimi:recipes/bassguitar": {
    "criteria": {
      "has_note": "2024-11-08 21:07:14 +0000"
    },
    "done": true
  },
  "minecraft:husbandry/root": {
    "criteria": {
      "consumed_item": "2024-11-08 21:29:18 +0000"
    },
    "done": true
  },
  "minecraft:recipes/transportation/birch_boat": {
    "criteria": {
      "in_water": "2024-11-08 21:08:54 +0000"
    },
    "done": true
  },
  "handcrafted:recipes/misc/acacia_nightstand": {
    "criteria": {
      "has_acacia_nightstand": "2024-11-08 21:57:25 +0000"
    },
    "done": true
  },
  "minecraft:recipes/transportation/oak_boat": {
    "criteria": {
      "in_water": "2024-11-08 21:08:54 +0000"
    },
    "done": true
  },
  "aquaculture:recipes/misc/tin_can_to_iron_nugget_from_blasting": {
    "criteria": {
      "has_items": "2024-11-08 21:07:14 +0000"
    },
    "done": true
  },
  "minecraft:recipes/redstone/acacia_fence_gate": {
    "criteria": {
      "has_planks": "2024-11-08 21:57:25 +0000"
    },
    "done": true
  },
  "minecraft:recipes/building_blocks/coal_block": {
    "criteria": {
      "has_coal": "2024-11-08 21:21:07 +0000"
    },
    "done": true
  },
  "handcrafted:recipes/misc/tropical_fish_trophy": {
    "criteria": {
      "has_tropical_fish_trophy": "2024-11-08 21:57:25 +0000"
    },
    "done": true
  },
  "farmersdelight:recipes/cooking/fried_rice": {
    "criteria": {
      "has_any_ingredient": "2024-11-08 21:18:09 +0000"
    },
    "done": true
  },
  "mimi:recipes/relay": {
    "criteria": {
      "has_note": "2024-11-08 21:07:14 +0000"
    },
    "done": true
  },
  "supplementaries:recipes/goblet": {
    "criteria": {
      "has_iron_ingot": "2024-11-08 21:21:19 +0000"
    },
    "done": true
  },
  "undergarden:recipes/transportation/wigglewood_boat": {
    "criteria": {
      "in_water": "2024-11-08 21:08:54 +0000"
    },
    "done": true
  },
  "simplemagnets:recipes/misc/basic_demagnetization_coil": {
    "criteria": {
      "recipe_condition": "2024-11-08 21:21:19 +0000"
    },
    "done": true
  },
  "handcrafted:recipes/misc/acacia_counter": {
    "criteria": {
      "has_acacia_counter": "2024-11-08 21:57:25 +0000"
    },
    "done": true
  },
  "supplementaries:recipes/flags/flag_blue": {
    "criteria": {
      "has_stick": "2024-11-08 21:33:48 +0000"
    },
    "done": true
  },
  "mimi:recipes/microphone": {
    "criteria": {
      "has_note": "2024-11-08 21:07:14 +0000"
    },
    "done": true
  },
  "mcwlights:recipes/iron_stuff": {
    "criteria": {
      "has_wood": "2024-11-08 21:21:19 +0000"
    },
    "done": true
  },
  "handcrafted:recipes/misc/pufferfish_trophy": {
    "criteria": {
      "has_pufferfish_trophy": "2024-11-08 21:57:25 +0000"
    },
    "done": true
  },
  "mimi:recipes/organ": {
    "criteria": {
      "has_note": "2024-11-08 21:07:14 +0000"
    },
    "done": true
  },
  "aquaculture:recipes/aquaculture/redstone_hook": {
    "criteria": {
      "has_items": "2024-11-08 21:07:14 +0000"
    },
    "done": true
  },
  "nethersdelight:recipes/tools/diamond_machete": {
    "criteria": {
      "has_diamond": "2024-11-08 21:31:06 +0000"
    },
    "done": true
  },
  "supplementaries:recipes/daub_frame": {
    "criteria": {
      "forge:rods/wooden": "2024-11-08 21:33:48 +0000"
    },
    "done": true
  },
  "supplementaries:recipes/key": {
    "criteria": {
      "has_gold_ingot": "2024-11-08 21:23:16 +0000"
    },
    "done": true
  },
  "create:recipes/building_blocks/crafting/kinetics/black_seat": {
    "criteria": {
      "has_wool": "2024-11-08 21:19:22 +0000"
    },
    "done": true
  },
  "aquaculture:recipes/misc/gold_nugget_from_blasting": {
    "criteria": {
      "has_fishing_rod": "2024-11-08 21:07:14 +0000",
      "has_fillet_knife": "2024-11-08 21:07:14 +0000"
    },
    "done": true
  },
  "farmersdelight:recipes/cooking/beef_stew": {
    "criteria": {
      "has_any_ingredient": "2024-11-08 21:18:09 +0000"
    },
    "done": true
  },
  "aquaculture:recipes/aquaculture/bobber": {
    "criteria": {
      "has_items": "2024-11-08 21:07:14 +0000"
    },
    "done": true
  },
  "aquaculture:recipes/misc/gold_nugget_from_gold_fish": {
    "criteria": {
      "has_items": "2024-11-08 21:07:14 +0000"
    },
    "done": true
  },
  "mimi:recipes/effectemitter": {
    "criteria": {
      "has_note": "2024-11-08 21:07:14 +0000"
    },
    "done": true
  },
  "aquaculture:recipes/food/cooked_fish_fillet_from_smoking": {
    "criteria": {
      "has_items": "2024-11-08 21:07:14 +0000"
    },
    "done": true
  },
  "lootr:10loot": {
    "criteria": {
      "loot_stat": "2024-11-08 21:28:34 +0000"
    },
    "done": true
  },
  "mimi:recipes/oboe": {
    "criteria": {
      "has_note": "2024-11-08 21:07:14 +0000"
    },
    "done": true
  },
  "handcrafted:recipes/misc/bench": {
    "criteria": {
      "has_bench": "2024-11-08 21:21:19 +0000"
    },
    "done": true
  },
  "farmersdelight:main/root": {
    "criteria": {
      "seeds": "2024-11-08 21:07:14 +0000"
    },
    "done": true
  },
  "mimi:recipes/accordion": {
    "criteria": {
      "has_note": "2024-11-08 21:07:14 +0000"
    },
    "done": true
  },
  "aquaculture:recipes/food/cooked_fish_fillet": {
    "criteria": {
      "has_items": "2024-11-08 21:07:14 +0000"
    },
    "done": true
  },
  "lightmanscurrency:recipes/misc/coinmint": {
    "criteria": {
      "material": "2024-11-08 21:21:19 +0000"
    },
    "done": true
  },
  "supplementaries:recipes/flags/flag_yellow": {
    "criteria": {
      "has_stick": "2024-11-08 21:33:48 +0000"
    },
    "done": true
  },
  "minecraft:recipes/transportation/carrot_on_a_stick": {
    "criteria": {
      "has_carrot": "2024-11-08 21:18:09 +0000"
    },
    "done": true
  },
  "mcwbridges:recipes/acacia_bridge_pier": {
    "criteria": {
      "has_planks": "2024-11-08 21:50:14 +0000"
    },
    "done": true
  },
  "sophisticatedbackpacks:recipes/misc/copper_backpack": {
    "criteria": {
      "has_backpack": "2024-11-08 21:07:14 +0000"
    },
    "done": true
  },
  "lightmanscurrency:recipes/ticket_machine/ticket_station/ticket": {
    "criteria": {
      "ticket_material": "2024-11-08 21:23:16 +0000"
    },
    "done": true
  },
  "mimi:recipes/handbell": {
    "criteria": {
      "has_note": "2024-11-08 21:07:14 +0000"
    },
    "done": true
  },
  "supplementaries:recipes/flags/flag_light_gray": {
    "criteria": {
      "has_stick": "2024-11-08 21:33:48 +0000"
    },
    "done": true
  },
  "mimi:recipes/trombone": {
    "criteria": {
      "has_note": "2024-11-08 21:07:14 +0000"
    },
    "done": true
  },
  "create:recipes/building_blocks/crafting/kinetics/white_seat": {
    "criteria": {
      "has_wool": "2024-11-08 21:19:22 +0000"
    },
    "done": true
  },
  "betterarcheology:recipes/tools/iron_brush": {
    "criteria": {
      "has_iron_ingot": "2024-11-08 21:21:19 +0000"
    },
    "done": true
  },
  "farmersdelight:recipes/misc/tomato_seeds": {
    "criteria": {
      "has_tomato": "2024-11-08 21:33:08 +0000"
    },
    "done": true
  },
  "supplementaries:recipes/candle_holders/candle_holder_cyan": {
    "criteria": {
      "has_iron_ingot": "2024-11-08 21:21:19 +0000"
    },
    "done": true
  },
  "minecraft:recipes/misc/iron_nugget_from_blasting": {
    "criteria": {
      "has_iron_chestplate": "2024-11-08 21:16:48 +0000"
    },
    "done": true
  },
  "minecraft:adventure/adventuring_time": {
    "criteria": {
      "minecraft:savanna_plateau": "2024-11-08 21:48:16 +0000",
      "minecraft:beach": "2024-11-08 21:31:21 +0000",
      "minecraft:lukewarm_ocean": "2024-11-08 21:52:57 +0000",
      "minecraft:river": "2024-11-08 21:08:57 +0000",
      "minecraft:savanna": "2024-11-08 21:08:46 +0000",
      "minecraft:plains": "2024-11-08 21:06:06 +0000"
    },
    "done": false
  },
  "cuisinedelight:recipes/misc/spatula_from_iron_ingot_stonecutting": {
    "criteria": {
      "has_iron_ingot": "2024-11-08 21:21:19 +0000"
    },
    "done": true
  },
  "create:recipes/building_blocks/crafting/kinetics/lime_seat": {
    "criteria": {
      "has_wool": "2024-11-08 21:19:22 +0000"
    },
    "done": true
  },
  "supplementaries:recipes/pulley": {
    "criteria": {
      "has_iron_ingot": "2024-11-08 21:21:19 +0000"
    },
    "done": true
  },
  "farmersdelight:recipes/decorations/cutting_board": {
    "criteria": {
      "has_stick": "2024-11-08 21:33:48 +0000"
    },
    "done": true
  },
  "mcwbridges:recipes/rope_acacia_bridge": {
    "criteria": {
      "has_planks": "2024-11-08 21:57:25 +0000"
    },
    "done": true
  },
  "aquaculture:recipes/misc/neptunium_ingot_from_nuggets": {
    "criteria": {
      "has_items": "2024-11-08 21:07:14 +0000"
    },
    "done": true
  },
  "mimi:recipes/edrums": {
    "criteria": {
      "has_note": "2024-11-08 21:07:14 +0000"
    },
    "done": true
  },
  "minecraft:recipes/redstone/tnt": {
    "criteria": {
      "has_gunpowder": "2024-11-08 21:14:33 +0000"
    },
    "done": true
  },
  "supplementaries:recipes/lapis_bricks": {
    "criteria": {
      "has_lapis_lazuli": "2024-11-08 21:29:22 +0000"
    },
    "done": true
  },
  "aquaculture:recipes/misc/iron_nugget_from_blasting": {
    "criteria": {
      "has_fishing_rod": "2024-11-08 21:07:14 +0000",
      "has_fillet_knife": "2024-11-08 21:07:14 +0000"
    },
    "done": true
  },
  "doggytalents:recipes/building_blocks/dog_bed_def": {
    "criteria": {
      "has_wool": "2024-11-08 21:19:22 +0000"
    },
    "done": true
  },
  "minecraft:recipes/tools/diamond_axe": {
    "criteria": {
      "has_diamond": "2024-11-08 21:31:06 +0000"
    },
    "done": true
  },
  "minecraft:story/root": {
    "criteria": {
      "crafting_table": "2024-11-08 21:52:06 +0000"
    },
    "done": true
  },
  "create:recipes/building_blocks/crafting/kinetics/yellow_seat": {
    "criteria": {
      "has_wool": "2024-11-08 21:19:22 +0000"
    },
    "done": true
  },
  "doggytalents:recipes/building_blocks/food_bowl": {
    "criteria": {
      "has_iron_ingot": "2024-11-08 21:21:19 +0000"
    },
    "done": true
  },
  "mimi:recipes/tubularbells": {
    "criteria": {
      "has_note": "2024-11-08 21:07:14 +0000"
    },
    "done": true
  },
  "supplementaries:recipes/flags/flag_lime": {
    "criteria": {
      "has_stick": "2024-11-08 21:33:48 +0000"
    },
    "done": true
  },
  "aquaculture:recipes/decorations/jungle_fish_mount": {
    "criteria": {
      "has_items": "2024-11-08 21:07:14 +0000"
    },
    "done": true
  },
  "minecraft:recipes/combat/golden_leggings": {
    "criteria": {
      "has_gold_ingot": "2024-11-08 21:23:16 +0000"
    },
    "done": true
  },
  "DataVersion": 3465
}