{
  "mutantmonsters:root": {
    "criteria": {
      "killed_something": "2024-11-08 21:12:11 +0000"
    },
    "done": true
  },
  "mimi:recipes/receiver": {
    "criteria": {
      "has_note": "2024-11-08 21:07:14 +0000"
    },
    "done": true
  },
  "mimi:recipes/bottle": {
    "criteria": {
      "has_note": "2024-11-08 21:07:14 +0000"
    },
    "done": true
  },
  "mimi:recipes/xylophone": {
    "criteria": {
      "has_note": "2024-11-08 21:07:14 +0000"
    },
    "done": true
  },
  "deeperdarker:recipes/transportation/echo_boat": {
    "criteria": {
      "in_water": "2024-11-08 21:08:54 +0000"
    },
    "done": true
  },
  "mimi:recipes/marimba": {
    "criteria": {
      "has_note": "2024-11-08 21:07:14 +0000"
    },
    "done": true
  },
  "aquaculture:recipes/aquaculture/heavy_hook": {
    "criteria": {
      "has_items": "2024-11-08 21:07:14 +0000"
    },
    "done": true
  },
  "aquaculture:recipes/misc/neptunium_ingot_from_neptunium_block": {
    "criteria": {
      "has_items": "2024-11-08 21:07:14 +0000"
    },
    "done": true
  },
  "mimi:recipes/recorder": {
    "criteria": {
      "has_note": "2024-11-08 21:07:14 +0000"
    },
    "done": true
  },
  "doggytalents:recipes/decorations/witch_hat": {
    "criteria": {
      "has_potion": "2024-11-08 21:18:14 +0000"
    },
    "done": true
  },
  "deeperdarker:recipes/transportation/bloom_boat": {
    "criteria": {
      "in_water": "2024-11-08 21:08:54 +0000"
    },
    "done": true
  },
  "create:root": {
    "criteria": {
      "0": "2024-11-08 21:07:14 +0000"
    },
    "done": true
  },
  "undergarden:undergarden/root": {
    "criteria": {
      "tick": "2024-11-08 21:06:05 +0000"
    },
    "done": true
  },
  "farmersdelight:recipes/cooking/chicken_soup": {
    "criteria": {
      "has_any_ingredient": "2024-11-08 21:18:09 +0000"
    },
    "done": true
  },
  "undergarden:recipes/transportation/grongle_boat": {
    "criteria": {
      "in_water": "2024-11-08 21:08:54 +0000"
    },
    "done": true
  },
  "minecraft:recipes/decorations/crafting_table": {
    "criteria": {
      "unlock_right_away": "2024-11-08 21:06:05 +0000"
    },
    "done": true
  },
  "minecraft:recipes/decorations/chest": {
    "criteria": {
      "has_lots_of_items": "2024-11-08 21:12:56 +0000"
    },
    "done": true
  },
  "minecraft:recipes/transportation/cherry_boat": {
    "criteria": {
      "in_water": "2024-11-08 21:08:54 +0000"
    },
    "done": true
  },
  "mimi:recipes/drums": {
    "criteria": {
      "has_note": "2024-11-08 21:07:14 +0000"
    },
    "done": true
  },
  "mimi:recipes/harpsichord": {
    "criteria": {
      "has_note": "2024-11-08 21:07:14 +0000"
    },
    "done": true
  },
  "seadwellers:adv_root": {
    "criteria": {
      "adv_root": "2024-11-08 21:06:05 +0000"
    },
    "done": true
  },
  "mimi:recipes/contrabass": {
    "criteria": {
      "has_note": "2024-11-08 21:07:14 +0000"
    },
    "done": true
  },
  "mimi:recipes/deviceconfig": {
    "criteria": {
      "has_note": "2024-11-08 21:07:14 +0000"
    },
    "done": true
  },
  "mimi:recipes/piccolo": {
    "criteria": {
      "has_note": "2024-11-08 21:07:14 +0000"
    },
    "done": true
  },
  "doggytalents:recipes/decorations/baker_hat": {
    "criteria": {
      "has_bread": "2024-11-08 21:08:33 +0000"
    },
    "done": true
  },
  "mimi:recipes/tuningtable": {
    "criteria": {
      "has_note": "2024-11-08 21:07:14 +0000"
    },
    "done": true
  },
  "mimi:recipes/clarinet": {
    "criteria": {
      "has_note": "2024-11-08 21:07:14 +0000"
    },
    "done": true
  },
  "mimi:recipes/banjo": {
    "criteria": {
      "has_note": "2024-11-08 21:07:14 +0000"
    },
    "done": true
  },
  "crabbersdelight:main/root": {
    "criteria": {
      "seeds": "2024-11-08 21:07:14 +0000"
    },
    "done": true
  },
  "lootr:1barrel": {
    "criteria": {
      "opened_barrel": "2024-11-08 21:18:08 +0000"
    },
    "done": true
  },
  "mimi:recipes/ocarina": {
    "criteria": {
      "has_note": "2024-11-08 21:07:14 +0000"
    },
    "done": true
  },
  "mimi:recipes/keyboard": {
    "criteria": {
      "has_note": "2024-11-08 21:07:14 +0000"
    },
    "done": true
  },
  "minecraft:recipes/redstone/dispenser": {
    "criteria": {
      "has_bow": "2024-11-08 21:16:47 +0000"
    },
    "done": true
  },
  "minecraft:recipes/transportation/acacia_boat": {
    "criteria": {
      "in_water": "2024-11-08 21:08:54 +0000"
    },
    "done": true
  },
  "aquaculture:recipes/decorations/acacia_fish_mount": {
    "criteria": {
      "has_items": "2024-11-08 21:07:14 +0000"
    },
    "done": true
  },
  "doggytalents:recipes/decorations/hot_dog": {
    "criteria": {
      "has_bread": "2024-11-08 21:08:33 +0000"
    },
    "done": true
  },
  "betterdungeons:root": {
    "criteria": {
      "always": "2024-11-08 21:06:05 +0000"
    },
    "done": true
  },
  "mimi:recipes/piano": {
    "criteria": {
      "has_note": "2024-11-08 21:07:14 +0000"
    },
    "done": true
  },
  "minecraft:recipes/misc/firework_rocket_simple": {
    "criteria": {
      "has_gunpowder": "2024-11-08 21:14:33 +0000"
    },
    "done": true
  },
  "aquaculture:recipes/aquaculture/light_hook": {
    "criteria": {
      "has_items": "2024-11-08 21:07:14 +0000"
    },
    "done": true
  },
  "betterarcheology:recipes/combat/bomb": {
    "criteria": {
      "has_gunpowder": "2024-11-08 21:14:33 +0000"
    },
    "done": true
  },
  "minecraft:recipes/transportation/jungle_boat": {
    "criteria": {
      "in_water": "2024-11-08 21:08:54 +0000"
    },
    "done": true
  },
  "mimi:recipes/frenchhorn": {
    "criteria": {
      "has_note": "2024-11-08 21:07:14 +0000"
    },
    "done": true
  },
  "farmersdelight:recipes/cooking/dog_food": {
    "criteria": {
      "has_any_ingredient": "2024-11-08 21:12:15 +0000"
    },
    "done": true
  },
  "minecraft:story/obtain_armor": {
    "criteria": {
      "iron_chestplate": "2024-11-08 21:16:48 +0000"
    },
    "done": true
  },
  "mimi:recipes/flute": {
    "criteria": {
      "has_note": "2024-11-08 21:07:14 +0000"
    },
    "done": true
  },
  "mimi:recipes/guide": {
    "criteria": {
      "has_note": "2024-11-08 21:07:14 +0000"
    },
    "done": true
  },
  "aquaculture:recipes/tools/iron_fishing_rod": {
    "criteria": {
      "has_vanilla_rod": "2024-11-08 21:07:14 +0000"
    },
    "done": true
  },
  "minecraft:recipes/misc/iron_nugget_from_smelting": {
    "criteria": {
      "has_iron_chestplate": "2024-11-08 21:16:48 +0000"
    },
    "done": true
  },
  "mimi:recipes/woodblock": {
    "criteria": {
      "has_note": "2024-11-08 21:07:14 +0000"
    },
    "done": true
  },
  "mimi:recipes/mechanicalmaestro": {
    "criteria": {
      "has_note": "2024-11-08 21:07:14 +0000"
    },
    "done": true
  },
  "solapplepie:recipes/food_book": {
    "criteria": {
      "has_potato": "2024-11-08 21:07:14 +0000",
      "has_book": "2024-11-08 21:07:14 +0000"
    },
    "done": true
  },
  "aquaculture:recipes/decorations/oak_fish_mount": {
    "criteria": {
      "has_items": "2024-11-08 21:07:14 +0000"
    },
    "done": true
  },
  "mimi:recipes/transmitter": {
    "criteria": {
      "has_note": "2024-11-08 21:07:14 +0000"
    },
    "done": true
  },
  "mimi:recipes/synlead": {
    "criteria": {
      "has_note": "2024-11-08 21:07:14 +0000"
    },
    "done": true
  },
  "aquaculture:recipes/aquaculture/double_hook": {
    "criteria": {
      "has_items": "2024-11-08 21:07:14 +0000"
    },
    "done": true
  },
  "minecraft:recipes/transportation/spruce_boat": {
    "criteria": {
      "in_water": "2024-11-08 21:08:54 +0000"
    },
    "done": true
  },
  "mimi:recipes/transmitterblock": {
    "criteria": {
      "has_note": "2024-11-08 21:07:14 +0000"
    },
    "done": true
  },
  "betterdeserttemples:root": {
    "criteria": {
      "always": "2024-11-08 21:06:05 +0000"
    },
    "done": true
  },
  "aquaculture:recipes/aquaculture/fishing_line": {
    "criteria": {
      "has_items": "2024-11-08 21:07:14 +0000"
    },
    "done": true
  },
  "aquaculture:recipes/aquaculture/iron_hook": {
    "criteria": {
      "has_items": "2024-11-08 21:07:14 +0000"
    },
    "done": true
  },
  "minecraft:recipes/transportation/mangrove_boat": {
    "criteria": {
      "in_water": "2024-11-08 21:08:54 +0000"
    },
    "done": true
  },
  "aquaculture:recipes/misc/jellyfish_to_slimeball": {
    "criteria": {
      "has_items": "2024-11-08 21:07:14 +0000"
    },
    "done": true
  },
  "minecraft:recipes/brewing/fermented_spider_eye": {
    "criteria": {
      "has_spider_eye": "2024-11-08 21:18:08 +0000"
    },
    "done": true
  },
  "dungeons_arise:find_bathhouse": {
    "criteria": {
      "location0": "2024-11-08 21:11:51 +0000"
    },
    "done": true
  },
  "aquaculture:recipes/tools/diamond_fishing_rod": {
    "criteria": {
      "has_vanilla_rod": "2024-11-08 21:07:14 +0000"
    },
    "done": true
  },
  "undergarden:recipes/transportation/smogstem_boat": {
    "criteria": {
      "in_water": "2024-11-08 21:08:54 +0000"
    },
    "done": true
  },
  "mimi:recipes/glockenspiel": {
    "criteria": {
      "has_note": "2024-11-08 21:07:14 +0000"
    },
    "done": true
  },
  "farmersdelight:recipes/building_blocks/organic_compost_from_rotten_flesh": {
    "criteria": {
      "has_rotten_flesh": "2024-11-08 21:12:15 +0000"
    },
    "done": true
  },
  "minecraft:adventure/kill_a_mob": {
    "criteria": {
      "minecraft:zombie": "2024-11-08 21:12:11 +0000"
    },
    "done": true
  },
  "mimi:recipes/celesta": {
    "criteria": {
      "has_note": "2024-11-08 21:07:14 +0000"
    },
    "done": true
  },
  "farmersdelight:recipes/cooking/vegetable_soup": {
    "criteria": {
      "has_any_ingredient": "2024-11-08 21:18:09 +0000"
    },
    "done": true
  },
  "aquaculture:recipes/misc/tin_can_to_iron_nugget": {
    "criteria": {
      "has_items": "2024-11-08 21:07:14 +0000"
    },
    "done": true
  },
  "mimi:recipes/panflute": {
    "criteria": {
      "has_note": "2024-11-08 21:07:14 +0000"
    },
    "done": true
  },
  "minecraft:recipes/transportation/dark_oak_boat": {
    "criteria": {
      "in_water": "2024-11-08 21:08:54 +0000"
    },
    "done": true
  },
  "sophisticatedbackpacks:recipes/misc/iron_backpack": {
    "criteria": {
      "has_backpack": "2024-11-08 21:07:14 +0000"
    },
    "done": true
  },
  "mimi:recipes/harmonica": {
    "criteria": {
      "has_note": "2024-11-08 21:07:14 +0000"
    },
    "done": true
  },
  "farmersdelight:recipes/cooking/rabbit_stew": {
    "criteria": {
      "has_any_ingredient": "2024-11-08 21:18:09 +0000"
    },
    "done": true
  },
  "supplementaries:recipes/spring_launcher": {
    "criteria": {
      "has_gunpowder": "2024-11-08 21:14:33 +0000"
    },
    "done": true
  },
  "aquaculture:recipes/decorations/birch_fish_mount": {
    "criteria": {
      "has_items": "2024-11-08 21:07:14 +0000"
    },
    "done": true
  },
  "mimi:recipes/elecguitar": {
    "criteria": {
      "has_note": "2024-11-08 21:07:14 +0000"
    },
    "done": true
  },
  "supplementaries:recipes/soap": {
    "criteria": {
      "forge:ash": "2024-11-08 21:12:29 +0000"
    },
    "done": true
  },
  "aquaculture:recipes/misc/iron_nugget_from_smelting": {
    "criteria": {
      "has_fishing_rod": "2024-11-08 21:07:14 +0000",
      "has_fillet_knife": "2024-11-08 21:07:14 +0000"
    },
    "done": true
  },
  "repurposed_structures:root": {
    "criteria": {
      "always": "2024-11-08 21:06:05 +0000"
    },
    "done": true
  },
  "aquaculture:recipes/tools/golden_fishing_rod": {
    "criteria": {
      "has_vanilla_rod": "2024-11-08 21:07:14 +0000"
    },
    "done": true
  },
  "aquaculture:recipes/misc/gold_nugget_from_smelting": {
    "criteria": {
      "has_fishing_rod": "2024-11-08 21:07:14 +0000",
      "has_fillet_knife": "2024-11-08 21:07:14 +0000"
    },
    "done": true
  },
  "mimi:recipes/harp": {
    "criteria": {
      "has_note": "2024-11-08 21:07:14 +0000"
    },
    "done": true
  },
  "minecraft:adventure/kill_all_mobs": {
    "criteria": {
      "minecraft:skeleton": "2024-11-08 21:13:10 +0000",
      "minecraft:husk": "2024-11-08 21:15:17 +0000",
      "minecraft:zombie": "2024-11-08 21:12:11 +0000"
    },
    "done": false
  },
  "minecraft:recipes/transportation/bamboo_raft": {
    "criteria": {
      "in_water": "2024-11-08 21:08:54 +0000"
    },
    "done": true
  },
  "aquaculture:recipes/misc/bonemeal_from_fish_bones": {
    "criteria": {
      "has_items": "2024-11-08 21:07:14 +0000"
    },
    "done": true
  },
  "mimi:recipes/tuba": {
    "criteria": {
      "has_note": "2024-11-08 21:07:14 +0000"
    },
    "done": true
  },
  "supplementaries:recipes/ash_brick": {
    "criteria": {
      "forge:ash": "2024-11-08 21:12:29 +0000"
    },
    "done": true
  },
  "mimi:recipes/cello": {
    "criteria": {
      "has_note": "2024-11-08 21:07:14 +0000"
    },
    "done": true
  },
  "mimi:recipes/violin": {
    "criteria": {
      "has_note": "2024-11-08 21:07:14 +0000"
    },
    "done": true
  },
  "mimi:recipes/bassoon": {
    "criteria": {
      "has_note": "2024-11-08 21:07:14 +0000"
    },
    "done": true
  },
  "aquaculture:recipes/misc/brown_mushroom_from_fish": {
    "criteria": {
      "has_items": "2024-11-08 21:07:14 +0000"
    },
    "done": true
  },
  "lootr:social": {
    "criteria": {
      "opened_barrel": "2024-11-08 21:18:08 +0000",
      "opened_chest": "2024-11-08 21:16:46 +0000"
    },
    "done": false
  },
  "mimi:recipes/bagpipe": {
    "criteria": {
      "has_note": "2024-11-08 21:07:14 +0000"
    },
    "done": true
  },
  "dungeons_arise:wda_root": {
    "criteria": {
      "WDA": "2024-11-08 21:06:05 +0000"
    },
    "done": true
  },
  "mimi:recipes/vibraphone": {
    "criteria": {
      "has_note": "2024-11-08 21:07:14 +0000"
    },
    "done": true
  },
  "aquaculture:recipes/misc/neptinium_ingot_from_blasting": {
    "criteria": {
      "has_leggings": "2024-11-08 21:07:14 +0000",
      "has_axe": "2024-11-08 21:07:14 +0000",
      "has_helmet": "2024-11-08 21:07:14 +0000",
      "has_fishing_rod": "2024-11-08 21:07:14 +0000",
      "has_bow": "2024-11-08 21:07:14 +0000",
      "has_chestplate": "2024-11-08 21:07:14 +0000",
      "has_sword": "2024-11-08 21:07:14 +0000",
      "has_fillet_knife": "2024-11-08 21:07:14 +0000",
      "has_shovel": "2024-11-08 21:07:14 +0000",
      "has_hoe": "2024-11-08 21:07:14 +0000",
      "has_boots": "2024-11-08 21:07:14 +0000",
      "has_pickaxe": "2024-11-08 21:07:14 +0000"
    },
    "done": true
  },
  "sliceanddice:recipes/misc/slicer": {
    "criteria": {
      "has_tool": "2024-11-08 21:12:03 +0000"
    },
    "done": true
  },
  "mimi:recipes/ledcube_a": {
    "criteria": {
      "has_note": "2024-11-08 21:07:14 +0000"
    },
    "done": true
  },
  "mimi:recipes/ledcube_b": {
    "criteria": {
      "has_note": "2024-11-08 21:07:14 +0000"
    },
    "done": true
  },
  "mimi:recipes/ledcube_c": {
    "criteria": {
      "has_note": "2024-11-08 21:07:14 +0000"
    },
    "done": true
  },
  "mimi:recipes/ledcube_d": {
    "criteria": {
      "has_note": "2024-11-08 21:07:14 +0000"
    },
    "done": true
  },
  "mimi:recipes/ledcube_e": {
    "criteria": {
      "has_note": "2024-11-08 21:07:14 +0000"
    },
    "done": true
  },
  "mimi:recipes/ledcube_f": {
    "criteria": {
      "has_note": "2024-11-08 21:07:14 +0000"
    },
    "done": true
  },
  "mimi:recipes/ledcube_g": {
    "criteria": {
      "has_note": "2024-11-08 21:07:14 +0000"
    },
    "done": true
  },
  "mimi:recipes/ledcube_h": {
    "criteria": {
      "has_note": "2024-11-08 21:07:14 +0000"
    },
    "done": true
  },
  "aquaculture:recipes/decorations/dark_oak_fish_mount": {
    "criteria": {
      "has_items": "2024-11-08 21:07:14 +0000"
    },
    "done": true
  },
  "minecraft:adventure/root": {
    "criteria": {
      "killed_something": "2024-11-08 21:12:11 +0000"
    },
    "done": true
  },
  "mimi:recipes/steeldrum": {
    "criteria": {
      "has_note": "2024-11-08 21:07:14 +0000"
    },
    "done": true
  },
  "aquaculture:recipes/aquaculture/diamond_hook": {
    "criteria": {
      "has_items": "2024-11-08 21:07:14 +0000"
    },
    "done": true
  },
  "aquaculture:recipes/food/sushi": {
    "criteria": {
      "has_alt_items": "2024-11-08 21:07:14 +0000",
      "has_items": "2024-11-08 21:07:14 +0000"
    },
    "done": true
  },
  "mimi:recipes/trumpet": {
    "criteria": {
      "has_note": "2024-11-08 21:07:14 +0000"
    },
    "done": true
  },
  "farmersdelight:main/craft_knife": {
    "criteria": {
      "iron_knife": "2024-11-08 21:12:03 +0000"
    },
    "done": true
  },
  "mimi:recipes/acguitar": {
    "criteria": {
      "has_note": "2024-11-08 21:07:14 +0000"
    },
    "done": true
  },
  "mimi:recipes/kalimba": {
    "criteria": {
      "has_note": "2024-11-08 21:07:14 +0000"
    },
    "done": true
  },
  "aquaculture:recipes/misc/red_mushroom_from_fish": {
    "criteria": {
      "has_items": "2024-11-08 21:07:14 +0000"
    },
    "done": true
  },
  "aquaculture:recipes/building_blocks/planks_from_driftwood": {
    "criteria": {
      "has_items": "2024-11-08 21:07:14 +0000"
    },
    "done": true
  },
  "mimi:recipes/listener": {
    "criteria": {
      "has_note": "2024-11-08 21:07:14 +0000"
    },
    "done": true
  },
  "mimi:recipes/musicbox": {
    "criteria": {
      "has_note": "2024-11-08 21:07:14 +0000"
    },
    "done": true
  },
  "farmersdelight:recipes/misc/iron_nugget_from_blasting_knife": {
    "criteria": {
      "has_iron_knife": "2024-11-08 21:12:03 +0000"
    },
    "done": true
  },
  "lootr:1chest": {
    "criteria": {
      "opened_chest": "2024-11-08 21:16:46 +0000"
    },
    "done": true
  },
  "aquaculture:recipes/aquaculture/worm_farm": {
    "criteria": {
      "has_items": "2024-11-08 21:07:14 +0000"
    },
    "done": true
  },
  "mimi:recipes/saxophone": {
    "criteria": {
      "has_note": "2024-11-08 21:07:14 +0000"
    },
    "done": true
  },
  "mimi:recipes/timpani": {
    "criteria": {
      "has_note": "2024-11-08 21:07:14 +0000"
    },
    "done": true
  },
  "mimi:recipes/ledcube_a_def": {
    "criteria": {
      "has_note": "2024-11-08 21:07:14 +0000"
    },
    "done": true
  },
  "aquaculture:recipes/aquaculture/note_hook": {
    "criteria": {
      "has_items": "2024-11-08 21:07:14 +0000"
    },
    "done": true
  },
  "aquaculture:recipes/food/cooked_fish_fillet_from_campfire": {
    "criteria": {
      "has_items": "2024-11-08 21:07:14 +0000"
    },
    "done": true
  },
  "mimi:recipes/prophet": {
    "criteria": {
      "has_note": "2024-11-08 21:07:14 +0000"
    },
    "done": true
  },
  "farmersdelight:recipes/misc/iron_nugget_from_smelting_knife": {
    "criteria": {
      "has_iron_knife": "2024-11-08 21:12:03 +0000"
    },
    "done": true
  },
  "mimi:recipes/viola": {
    "criteria": {
      "has_note": "2024-11-08 21:07:14 +0000"
    },
    "done": true
  },
  "aquaculture:recipes/aquaculture/gold_hook": {
    "criteria": {
      "has_items": "2024-11-08 21:07:14 +0000"
    },
    "done": true
  },
  "farmersdelight:recipes/cooking/vegetable_noodles": {
    "criteria": {
      "has_any_ingredient": "2024-11-08 21:18:09 +0000"
    },
    "done": true
  },
  "aquaculture:recipes/decorations/spruce_fish_mount": {
    "criteria": {
      "has_items": "2024-11-08 21:07:14 +0000"
    },
    "done": true
  },
  "lootr:root": {
    "criteria": {
      "always_true": "2024-11-08 21:06:05 +0000"
    },
    "done": true
  },
  "mimi:recipes/bassguitar": {
    "criteria": {
      "has_note": "2024-11-08 21:07:14 +0000"
    },
    "done": true
  },
  "minecraft:recipes/transportation/birch_boat": {
    "criteria": {
      "in_water": "2024-11-08 21:08:54 +0000"
    },
    "done": true
  },
  "minecraft:recipes/transportation/oak_boat": {
    "criteria": {
      "in_water": "2024-11-08 21:08:54 +0000"
    },
    "done": true
  },
  "aquaculture:recipes/misc/tin_can_to_iron_nugget_from_blasting": {
    "criteria": {
      "has_items": "2024-11-08 21:07:14 +0000"
    },
    "done": true
  },
  "farmersdelight:recipes/cooking/fried_rice": {
    "criteria": {
      "has_any_ingredient": "2024-11-08 21:18:09 +0000"
    },
    "done": true
  },
  "mimi:recipes/relay": {
    "criteria": {
      "has_note": "2024-11-08 21:07:14 +0000"
    },
    "done": true
  },
  "undergarden:recipes/transportation/wigglewood_boat": {
    "criteria": {
      "in_water": "2024-11-08 21:08:54 +0000"
    },
    "done": true
  },
  "mimi:recipes/microphone": {
    "criteria": {
      "has_note": "2024-11-08 21:07:14 +0000"
    },
    "done": true
  },
  "mimi:recipes/organ": {
    "criteria": {
      "has_note": "2024-11-08 21:07:14 +0000"
    },
    "done": true
  },
  "aquaculture:recipes/aquaculture/redstone_hook": {
    "criteria": {
      "has_items": "2024-11-08 21:07:14 +0000"
    },
    "done": true
  },
  "aquaculture:recipes/misc/gold_nugget_from_blasting": {
    "criteria": {
      "has_fishing_rod": "2024-11-08 21:07:14 +0000",
      "has_fillet_knife": "2024-11-08 21:07:14 +0000"
    },
    "done": true
  },
  "farmersdelight:recipes/cooking/beef_stew": {
    "criteria": {
      "has_any_ingredient": "2024-11-08 21:18:09 +0000"
    },
    "done": true
  },
  "aquaculture:recipes/aquaculture/bobber": {
    "criteria": {
      "has_items": "2024-11-08 21:07:14 +0000"
    },
    "done": true
  },
  "aquaculture:recipes/misc/gold_nugget_from_gold_fish": {
    "criteria": {
      "has_items": "2024-11-08 21:07:14 +0000"
    },
    "done": true
  },
  "mimi:recipes/effectemitter": {
    "criteria": {
      "has_note": "2024-11-08 21:07:14 +0000"
    },
    "done": true
  },
  "aquaculture:recipes/food/cooked_fish_fillet_from_smoking": {
    "criteria": {
      "has_items": "2024-11-08 21:07:14 +0000"
    },
    "done": true
  },
  "mimi:recipes/oboe": {
    "criteria": {
      "has_note": "2024-11-08 21:07:14 +0000"
    },
    "done": true
  },
  "farmersdelight:main/root": {
    "criteria": {
      "seeds": "2024-11-08 21:07:14 +0000"
    },
    "done": true
  },
  "mimi:recipes/accordion": {
    "criteria": {
      "has_note": "2024-11-08 21:07:14 +0000"
    },
    "done": true
  },
  "aquaculture:recipes/food/cooked_fish_fillet": {
    "criteria": {
      "has_items": "2024-11-08 21:07:14 +0000"
    },
    "done": true
  },
  "minecraft:recipes/transportation/carrot_on_a_stick": {
    "criteria": {
      "has_carrot": "2024-11-08 21:18:09 +0000"
    },
    "done": true
  },
  "sophisticatedbackpacks:recipes/misc/copper_backpack": {
    "criteria": {
      "has_backpack": "2024-11-08 21:07:14 +0000"
    },
    "done": true
  },
  "mimi:recipes/handbell": {
    "criteria": {
      "has_note": "2024-11-08 21:07:14 +0000"
    },
    "done": true
  },
  "mimi:recipes/trombone": {
    "criteria": {
      "has_note": "2024-11-08 21:07:14 +0000"
    },
    "done": true
  },
  "minecraft:recipes/misc/iron_nugget_from_blasting": {
    "criteria": {
      "has_iron_chestplate": "2024-11-08 21:16:48 +0000"
    },
    "done": true
  },
  "minecraft:adventure/adventuring_time": {
    "criteria": {
      "minecraft:river": "2024-11-08 21:08:57 +0000",
      "minecraft:savanna": "2024-11-08 21:08:46 +0000",
      "minecraft:plains": "2024-11-08 21:06:06 +0000"
    },
    "done": false
  },
  "aquaculture:recipes/misc/neptunium_ingot_from_nuggets": {
    "criteria": {
      "has_items": "2024-11-08 21:07:14 +0000"
    },
    "done": true
  },
  "mimi:recipes/edrums": {
    "criteria": {
      "has_note": "2024-11-08 21:07:14 +0000"
    },
    "done": true
  },
  "minecraft:recipes/redstone/tnt": {
    "criteria": {
      "has_gunpowder": "2024-11-08 21:14:33 +0000"
    },
    "done": true
  },
  "aquaculture:recipes/misc/iron_nugget_from_blasting": {
    "criteria": {
      "has_fishing_rod": "2024-11-08 21:07:14 +0000",
      "has_fillet_knife": "2024-11-08 21:07:14 +0000"
    },
    "done": true
  },
  "mimi:recipes/tubularbells": {
    "criteria": {
      "has_note": "2024-11-08 21:07:14 +0000"
    },
    "done": true
  },
  "aquaculture:recipes/decorations/jungle_fish_mount": {
    "criteria": {
      "has_items": "2024-11-08 21:07:14 +0000"
    },
    "done": true
  },
  "DataVersion": 3465
}